Class,Tagname,n1(Factory),n2(System),n3(Name),Column6,Column7,Column8,Column9,Column10,Column11,Column12,Column13,Column14,Column15,Description,DescriptionAlt,Domain,Nature,Inhibited,Simulated,Saved,Source,Column24,Column25,Column26,Column27,Column28,Column29,Column30,Column31,Column32,Column33,Column34,Column35,Column36,Column37,Column38,Column39,Column40,Column41,Column42,Column43,Column44,Column45,Column46,Log0_1,Log1_0,Column49,Column50,AlarmLevel,AlarmActiveAt1,Column53,Column54,Column55,Column56,Column57,Column58,Column59,Column60,Column61,Column62,Column63,Column64,Column65,Unit,Column67,Column68,Column69,Column70,Column71,Column72,Format,Column74,Column75,Column76,Column77,Column78,Column79,Column80,Column81,Column82,Column83,Column84,Column85,Column86,Column87,Column88,Column89,Column90,Column91,Column92,Column93,Column94,Column95,Column96,Column97,Column98,Column99,Column100,Column101,Column102,Column103,Column104,Column105,Column106,Column107,Column108,Column109,Column110,Column111,Column112,Column113,Column114,Column115,Column116,Column117,Column118,Column119,Column120,Column121,Column122,Column123,Column124,Column125,Column126,Column127,Column128,Column129,Column130,Column131,Column132,Column133,Column134,Column135,Column136,Column137,Column138,Column139,Column140,Column141,Column142,Column143,Column144,Column145,Column146,Column147,Column148,Column149,Column150,Column151,Column152,Column153,Column154,Column155,Column156,Column157,Column158,Column159,Column160,Column161,Column162,Recorder,Column164,Column165,MessageAlarm,Column167,Column168,Column169,Column170,Column171,Column172,Column173,Column174,Column175,Column176,Column177,Column178,Column179,Column180,Column181,Column182,Column183,Column184,Column185,Column186,Column187,Column188,Column189,Column190,Column191,Column192,Column193,Column194,Column195,Column196,Column197,Column198,Column199,Column200,Column201,Column202,Column203,Column204,Column205,Column206,Column207,Column208,Column209,Column210,Column211,Column212,Column213,Column214,Column215,Column216,Column217,Column218,Column219,Column220,Column221,Column222,Column223,Column224,Column225,Column226,Column227,Column228,Column229,Column230,Column231,Column232,Column233,Column234,Column235,Column236,Column237,Column238,Column239,Column240,Column241,Column242,Column243,Column244,Column245,Column246,Column247,Column248,Column249,Column250,Column251,Column252,Column253,Column254,Column255,Column256,Column257,Column258,Column259,Column260,Column261,Column262
REG,2,Factory5,System1,Equipment1,,,,,,,,,,,Description 1,Alt 1,A,DI,0,0,1,Internal,,,,,,,,,,,,,,,,,,,,,,,,1,0,,,1,1,,,,,,,,,,,,,,unit,,,,,,,0.00,,,,,,,,,,,,,,,,,,,,,,,,,,,,,,,,,,,,,,,,,,,,,,,,,,,,,,,,,,,,,,,,,,,,,,,,,,,,,,,,,,,,,,,,,,1,,,Alarm,,,,,,,,,,,,,,,,,,,,,,,,,,,,,,,,,,,,,,,,,,,,,,,,,,,,,,,,,,,,,,,,,,,,,,,,,,,,,,,,,,,,,,,,,,,,,,,,
REG,3,Factory5,System0,Equipment2,,,,,,,,,,,Description 2,Alt 2,A,DI,0,0,1,Internal,,,,,,,,,,,,,,,,,,,,,,,,1,0,,,1,1,,,,,,,,,,,,,,unit,,,,,,,0.00,,,,,,,,,,,,,,,,,,,,,,,,,,,,,,,,,,,,,,,,,,,,,,,,,,,,,,,,,,,,,,,,,,,,,,,,,,,,,,,,,,,,,,,,,,1,,,Alarm,,,,,,,,,,,,,,,,,,,,,,,,,,,,,,,,,,,,,,,,,,,,,,,,,,,,,,,,,,,,,,,,,,,,,,,,,,,,,,,,,,,,,,,,,,,,,,,,
REG,4,Factory5,System1,Equipment3,,,,,,,,,,,Description 3,Alt 3,A,DI,0,0,1,Internal,,,,,,,,,,,,,,,,,,,,,,,,1,0,,,1,1,,,,,,,,,,,,,,unit,,,,,,,0.00,,,,,,,,,,,,,,,,,,,,,,,,,,,,,,,,,,,,,,,,,,,,,,,,,,,,,,,,,,,,,,,,,,,,,,,,,,,,,,,,,,,,,,,,,,1,,,Alarm,,,,,,,,,,,,,,,,,,,,,,,,,,,,,,,,,,,,,,,,,,,,,,,,,,,,,,,,,,,,,,,,,,,,,,,,,,,,,,,,,,,,,,,,,,,,,,,,
REG,5,Factory5,System0,Equipment4,,,,,,,,,,,Description 4,Alt 4,A,DI,0,0,1,Internal,,,,,,,,,,,,,,,,,,,,,,,,1,0,,,1,1,,,,,,,,,,,,,,unit,,,,,,,0.00,,,,,,,,,,,,,,,,,,,,,,,,,,,,,,,,,,,,,,,,,,,,,,,,,,,,,,,,,,,,,,,,,,,,,,,,,,,,,,,,,,,,,,,,,,1,,,Alarm,,,,,,,,,,,,,,,,,,,,,,,,,,,,,,,,,,,,,,,,,,,,,,,,,,,,,,,,,,,,,,,,,,,,,,,,,,,,,,,,,,,,,,,,,,,,,,,,
REG,6,Factory5,System1,Equipment5,,,,,,,,,,,Description 5,Alt 5,A,DI,0,0,1,Internal,,,,,,,,,,,,,,,,,,,,,,,,1,0,,,1,1,,,,,,,,,,,,,,unit,,,,,,,0.00,,,,,,,,,,,,,,,,,,,,,,,,,,,,,,,,,,,,,,,,,,,,,,,,,,,,,,,,,,,,,,,,,,,,,,,,,,,,,,,,,,,,,,,,,,1,,,Alarm,,,,,,,,,,,,,,,,,,,,,,,,,,,,,,,,,,,,,,,,,,,,,,,,,,,,,,,,,,,,,,,,,,,,,,,,,,,,,,,,,,,,,,,,,,,,,,,,
REG,7,Factory5,System0,Equipment6,,,,,,,,,,,Description 6,Alt 6,A,DI,0,0,1,Internal,,,,,,,,,,,,,,,,,,,,,,,,1,0,,,1,1,,,,,,,,,,,,,,unit,,,,,,,0.00,,,,,,,,,,,,,,,,,,,,,,,,,,,,,,,,,,,,,,,,,,,,,,,,,,,,,,,,,,,,,,,,,,,,,,,,,,,,,,,,,,,,,,,,,,1,,,Alarm,,,,,,,,,,,,,,,,,,,,,,,,,,,,,,,,,,,,,,,,,,,,,,,,,,,,,,,,,,,,,,,,,,,,,,,,,,,,,,,,,,,,,,,,,,,,,,,,
REG,8,Factory5,System1,Equipment7,,,,,,,,,,,Description 7,Alt 7,A,DI,0,0,1,Internal,,,,,,,,,,,,,,,,,,,,,,,,1,0,,,1,1,,,,,,,,,,,,,,unit,,,,,,,0.00,,,,,,,,,,,,,,,,,,,,,,,,,,,,,,,,,,,,,,,,,,,,,,,,,,,,,,,,,,,,,,,,,,,,,,,,,,,,,,,,,,,,,,,,,,1,,,Alarm,,,,,,,,,,,,,,,,,,,,,,,,,,,,,,,,,,,,,,,,,,,,,,,,,,,,,,,,,,,,,,,,,,,,,,,,,,,,,,,,,,,,,,,,,,,,,,,,
REG,9,Factory5,System0,Equipment8,,,,,,,,,,,Description 8,Alt 8,A,DI,0,0,1,Internal,,,,,,,,,,,,,,,,,,,,,,,,1,0,,,1,1,,,,,,,,,,,,,,unit,,,,,,,0.00,,,,,,,,,,,,,,,,,,,,,,,,,,,,,,,,,,,,,,,,,,,,,,,,,,,,,,,,,,,,,,,,,,,,,,,,,,,,,,,,,,,,,,,,,,1,,,Alarm,,,,,,,,,,,,,,,,,,,,,,,,,,,,,,,,,,,,,,,,,,,,,,,,,,,,,,,,,,,,,,,,,,,,,,,,,,,,,,,,,,,,,,,,,,,,,,,,
REG,10,Factory5,System1,Equipment9,,,,,,,,,,,Description 9,Alt 9,A,DI,0,0,1,Internal,,,,,,,,,,,,,,,,,,,,,,,,1,0,,,1,1,,,,,,,,,,,,,,unit,,,,,,,0.00,,,,,,,,,,,,,,,,,,,,,,,,,,,,,,,,,,,,,,,,,,,,,,,,,,,,,,,,,,,,,,,,,,,,,,,,,,,,,,,,,,,,,,,,,,1,,,Alarm,,,,,,,,,,,,,,,,,,,,,,,,,,,,,,,,,,,,,,,,,,,,,,,,,,,,,,,,,,,,,,,,,,,,,,,,,,,,,,,,,,,,,,,,,,,,,,,,
REG,1,Factory5,System0,Equipment10,,,,,,,,,,,Description 10,Alt 10,A,DI,0,0,1,Internal,,,,,,,,,,,,,,,,,,,,,,,,1,0,,,1,1,,,,,,,,,,,,,,unit,,,,,,,0.00,,,,,,,,,,,,,,,,,,,,,,,,,,,,,,,,,,,,,,,,,,,,,,,,,,,,,,,,,,,,,,,,,,,,,,,,,,,,,,,,,,,,,,,,,,1,,,Alarm,,,,,,,,,,,,,,,,,,,,,,,,,,,,,,,,,,,,,,,,,,,,,,,,,,,,,,,,,,,,,,,,,,,,,,,,,,,,,,,,,,,,,,,,,,,,,,,,
REG,2,Factory5,System1,Equipment11,,,,,,,,,,,Description 11,Alt 11,A,DI,0,0,1,Internal,,,,,,,,,,,,,,,,,,,,,,,,1,0,,,1,1,,,,,,,,,,,,,,unit,,,,,,,0.00,,,,,,,,,,,,,,,,,,,,,,,,,,,,,,,,,,,,,,,,,,,,,,,,,,,,,,,,,,,,,,,,,,,,,,,,,,,,,,,,,,,,,,,,,,1,,,Alarm,,,,,,,,,,,,,,,,,,,,,,,,,,,,,,,,,,,,,,,,,,,,,,,,,,,,,,,,,,,,,,,,,,,,,,,,,,,,,,,,,,,,,,,,,,,,,,,,
REG,3,Factory5,System0,Equipment12,,,,,,,,,,,Description 12,Alt 12,A,DI,0,0,1,Internal,,,,,,,,,,,,,,,,,,,,,,,,1,0,,,1,1,,,,,,,,,,,,,,unit,,,,,,,0.00,,,,,,,,,,,,,,,,,,,,,,,,,,,,,,,,,,,,,,,,,,,,,,,,,,,,,,,,,,,,,,,,,,,,,,,,,,,,,,,,,,,,,,,,,,1,,,Alarm,,,,,,,,,,,,,,,,,,,,,,,,,,,,,,,,,,,,,,,,,,,,,,,,,,,,,,,,,,,,,,,,,,,,,,,,,,,,,,,,,,,,,,,,,,,,,,,,
REG,4,Factory5,System1,Equipment13,,,,,,,,,,,Description 13,Alt 13,A,DI,0,0,1,Internal,,,,,,,,,,,,,,,,,,,,,,,,1,0,,,1,1,,,,,,,,,,,,,,unit,,,,,,,0.00,,,,,,,,,,,,,,,,,,,,,,,,,,,,,,,,,,,,,,,,,,,,,,,,,,,,,,,,,,,,,,,,,,,,,,,,,,,,,,,,,,,,,,,,,,1,,,Alarm,,,,,,,,,,,,,,,,,,,,,,,,,,,,,,,,,,,,,,,,,,,,,,,,,,,,,,,,,,,,,,,,,,,,,,,,,,,,,,,,,,,,,,,,,,,,,,,,
REG,5,Factory5,System0,Equipment14,,,,,,,,,,,Description 14,Alt 14,A,DI,0,0,1,Internal,,,,,,,,,,,,,,,,,,,,,,,,1,0,,,1,1,,,,,,,,,,,,,,unit,,,,,,,0.00,,,,,,,,,,,,,,,,,,,,,,,,,,,,,,,,,,,,,,,,,,,,,,,,,,,,,,,,,,,,,,,,,,,,,,,,,,,,,,,,,,,,,,,,,,1,,,Alarm,,,,,,,,,,,,,,,,,,,,,,,,,,,,,,,,,,,,,,,,,,,,,,,,,,,,,,,,,,,,,,,,,,,,,,,,,,,,,,,,,,,,,,,,,,,,,,,,
REG,6,Factory5,System1,Equipment15,,,,,,,,,,,Description 15,Alt 15,A,DI,0,0,1,Internal,,,,,,,,,,,,,,,,,,,,,,,,1,0,,,1,1,,,,,,,,,,,,,,unit,,,,,,,0.00,,,,,,,,,,,,,,,,,,,,,,,,,,,,,,,,,,,,,,,,,,,,,,,,,,,,,,,,,,,,,,,,,,,,,,,,,,,,,,,,,,,,,,,,,,1,,,Alarm,,,,,,,,,,,,,,,,,,,,,,,,,,,,,,,,,,,,,,,,,,,,,,,,,,,,,,,,,,,,,,,,,,,,,,,,,,,,,,,,,,,,,,,,,,,,,,,,
REG,7,Factory5,System0,Equipment16,,,,,,,,,,,Description 16,Alt 16,A,DI,0,0,1,Internal,,,,,,,,,,,,,,,,,,,,,,,,1,0,,,1,1,,,,,,,,,,,,,,unit,,,,,,,0.00,,,,,,,,,,,,,,,,,,,,,,,,,,,,,,,,,,,,,,,,,,,,,,,,,,,,,,,,,,,,,,,,,,,,,,,,,,,,,,,,,,,,,,,,,,1,,,Alarm,,,,,,,,,,,,,,,,,,,,,,,,,,,,,,,,,,,,,,,,,,,,,,,,,,,,,,,,,,,,,,,,,,,,,,,,,,,,,,,,,,,,,,,,,,,,,,,,
REG,8,Factory5,System1,Equipment17,,,,,,,,,,,Description 17,Alt 17,A,DI,0,0,1,Internal,,,,,,,,,,,,,,,,,,,,,,,,1,0,,,1,1,,,,,,,,,,,,,,unit,,,,,,,0.00,,,,,,,,,,,,,,,,,,,,,,,,,,,,,,,,,,,,,,,,,,,,,,,,,,,,,,,,,,,,,,,,,,,,,,,,,,,,,,,,,,,,,,,,,,1,,,Alarm,,,,,,,,,,,,,,,,,,,,,,,,,,,,,,,,,,,,,,,,,,,,,,,,,,,,,,,,,,,,,,,,,,,,,,,,,,,,,,,,,,,,,,,,,,,,,,,,
REG,9,Factory5,System0,Equipment18,,,,,,,,,,,Description 18,Alt 18,A,DI,0,0,1,Internal,,,,,,,,,,,,,,,,,,,,,,,,1,0,,,1,1,,,,,,,,,,,,,,unit,,,,,,,0.00,,,,,,,,,,,,,,,,,,,,,,,,,,,,,,,,,,,,,,,,,,,,,,,,,,,,,,,,,,,,,,,,,,,,,,,,,,,,,,,,,,,,,,,,,,1,,,Alarm,,,,,,,,,,,,,,,,,,,,,,,,,,,,,,,,,,,,,,,,,,,,,,,,,,,,,,,,,,,,,,,,,,,,,,,,,,,,,,,,,,,,,,,,,,,,,,,,
REG,10,Factory5,System1,Equipment19,,,,,,,,,,,Description 19,Alt 19,A,DI,0,0,1,Internal,,,,,,,,,,,,,,,,,,,,,,,,1,0,,,1,1,,,,,,,,,,,,,,unit,,,,,,,0.00,,,,,,,,,,,,,,,,,,,,,,,,,,,,,,,,,,,,,,,,,,,,,,,,,,,,,,,,,,,,,,,,,,,,,,,,,,,,,,,,,,,,,,,,,,1,,,Alarm,,,,,,,,,,,,,,,,,,,,,,,,,,,,,,,,,,,,,,,,,,,,,,,,,,,,,,,,,,,,,,,,,,,,,,,,,,,,,,,,,,,,,,,,,,,,,,,,
REG,1,Factory5,System0,Equipment20,,,,,,,,,,,Description 20,Alt 20,A,DI,0,0,1,Internal,,,,,,,,,,,,,,,,,,,,,,,,1,0,,,1,1,,,,,,,,,,,,,,unit,,,,,,,0.00,,,,,,,,,,,,,,,,,,,,,,,,,,,,,,,,,,,,,,,,,,,,,,,,,,,,,,,,,,,,,,,,,,,,,,,,,,,,,,,,,,,,,,,,,,1,,,Alarm,,,,,,,,,,,,,,,,,,,,,,,,,,,,,,,,,,,,,,,,,,,,,,,,,,,,,,,,,,,,,,,,,,,,,,,,,,,,,,,,,,,,,,,,,,,,,,,,
