PositionalColumnId,Position,CandidateCanonicalName,SchemaVariantStatus,AcquisitionClassification,ClassificationReason,VariantGroup,varexp_main.csv_OriginalHeader,plc_m_varexp.csv_OriginalHeader,G03_varexp.csv_OriginalHeader,BFU_varexp.csv_OriginalHeader,E02_varexp.csv_OriginalHeader
VAREXP_COL_001,1,Class,KNOWN_COMMON_HEADER,APPROVED_FOR_DATA_ACQUISITION,"Minimum Utility AI identity, description, type, unit, alarm, scaling, or historian field",COMMON_EXACT_VAREXP_COL_001,Class,Class,Class,Class,Class
VAREXP_COL_002,2,Tagname,KNOWN_COMMON_HEADER,APPROVED_FOR_DATA_ACQUISITION,"Minimum Utility AI identity, description, type, unit, alarm, scaling, or historian field",COMMON_EXACT_VAREXP_COL_002,Tagname,Tagname,Tagname,Tagname,Tagname
VAREXP_COL_003,3,VAREXP_COL_003,QUALIFIER_VARIANT,EXCLUDED_SCHEMA_UNCERTAIN,Qualifier meaning not approved for automatic use,QUALIFIER_REVIEW_VAREXP_COL_003,n1,n1(Factory),n1(Factory),n1(Factory),n1(Factory)
VAREXP_COL_004,4,VAREXP_COL_004,QUALIFIER_VARIANT,EXCLUDED_SCHEMA_UNCERTAIN,Qualifier meaning not approved for automatic use,QUALIFIER_REVIEW_VAREXP_COL_004,n2,n2(System),n2(System),n2(System),n2(System)
VAREXP_COL_005,5,VAREXP_COL_005,QUALIFIER_VARIANT,EXCLUDED_SCHEMA_UNCERTAIN,Qualifier meaning not approved for automatic use,QUALIFIER_REVIEW_VAREXP_COL_005,n3,n3(Name),n3(Name),n3(Name),n3(Name)
VAREXP_COL_006,6,VAREXP_COL_006,QUALIFIER_VARIANT,EXCLUDED_SCHEMA_UNCERTAIN,Qualifier meaning not approved for automatic use,QUALIFIER_REVIEW_VAREXP_COL_006,n4,n4(Signal),n4(Signal),n4(Signal),n4(Signal)
VAREXP_COL_007,7,VAREXP_COL_007,QUALIFIER_VARIANT,EXCLUDED_SCHEMA_UNCERTAIN,Qualifier meaning not approved for automatic use,QUALIFIER_REVIEW_VAREXP_COL_007,n5,n5(Detail),n5(Detail),n5(Detail),n5(Detail)
VAREXP_COL_008,8,VAREXP_COL_008,QUALIFIER_VARIANT,EXCLUDED_SCHEMA_UNCERTAIN,Qualifier meaning not approved for automatic use,QUALIFIER_REVIEW_VAREXP_COL_008,n6,n6(In1),n6(In1),n6(In1),n6(In1)
VAREXP_COL_009,9,VAREXP_COL_009,QUALIFIER_VARIANT,EXCLUDED_SCHEMA_UNCERTAIN,Qualifier meaning not approved for automatic use,QUALIFIER_REVIEW_VAREXP_COL_009,n7,n7(In2),n7(In2),n7(In2),n7(In2)
VAREXP_COL_010,10,n8,KNOWN_COMMON_HEADER,METADATA_ONLY,Retain only as schema/provenance metadata; not an initial Utility AI value field,COMMON_EXACT_VAREXP_COL_010,n8,n8,n8,n8,n8
VAREXP_COL_011,11,n9,KNOWN_COMMON_HEADER,METADATA_ONLY,Retain only as schema/provenance metadata; not an initial Utility AI value field,COMMON_EXACT_VAREXP_COL_011,n9,n9,n9,n9,n9
VAREXP_COL_012,12,n10,KNOWN_COMMON_HEADER,METADATA_ONLY,Retain only as schema/provenance metadata; not an initial Utility AI value field,COMMON_EXACT_VAREXP_COL_012,n10,n10,n10,n10,n10
VAREXP_COL_013,13,n11,KNOWN_COMMON_HEADER,METADATA_ONLY,Retain only as schema/provenance metadata; not an initial Utility AI value field,COMMON_EXACT_VAREXP_COL_013,n11,n11,n11,n11,n11
VAREXP_COL_014,14,n12,KNOWN_COMMON_HEADER,METADATA_ONLY,Retain only as schema/provenance metadata; not an initial Utility AI value field,COMMON_EXACT_VAREXP_COL_014,n12,n12,n12,n12,n12
VAREXP_COL_015,15,VAREXP_COL_015,RESERVED_CANDIDATE_UNCONFIRMED,EXCLUDED_SCHEMA_UNCERTAIN,Empty positional field; reserved status unconfirmed,EMPTY_POSITION_VAREXP_COL_015,,,,,
VAREXP_COL_016,16,Description,KNOWN_COMMON_HEADER,APPROVED_FOR_DATA_ACQUISITION,"Minimum Utility AI identity, description, type, unit, alarm, scaling, or historian field",COMMON_EXACT_VAREXP_COL_016,Description,Description,Description,Description,Description
VAREXP_COL_017,17,DescriptionAlt,KNOWN_COMMON_HEADER,APPROVED_FOR_DATA_ACQUISITION,"Minimum Utility AI identity, description, type, unit, alarm, scaling, or historian field",COMMON_EXACT_VAREXP_COL_017,DescriptionAlt,DescriptionAlt,DescriptionAlt,DescriptionAlt,DescriptionAlt
VAREXP_COL_018,18,Domain,KNOWN_COMMON_HEADER,APPROVED_FOR_DATA_ACQUISITION,"Minimum Utility AI identity, description, type, unit, alarm, scaling, or historian field",COMMON_EXACT_VAREXP_COL_018,Domain,Domain,Domain,Domain,Domain
VAREXP_COL_019,19,Nature,KNOWN_COMMON_HEADER,APPROVED_FOR_DATA_ACQUISITION,"Minimum Utility AI identity, description, type, unit, alarm, scaling, or historian field",COMMON_EXACT_VAREXP_COL_019,Nature,Nature,Nature,Nature,Nature
VAREXP_COL_020,20,Inhibited,KNOWN_COMMON_HEADER,APPROVED_FOR_DATA_ACQUISITION,"Minimum Utility AI identity, description, type, unit, alarm, scaling, or historian field",COMMON_EXACT_VAREXP_COL_020,Inhibited,Inhibited,Inhibited,Inhibited,Inhibited
VAREXP_COL_021,21,Simulated,KNOWN_COMMON_HEADER,APPROVED_FOR_DATA_ACQUISITION,"Minimum Utility AI identity, description, type, unit, alarm, scaling, or historian field",COMMON_EXACT_VAREXP_COL_021,Simulated,Simulated,Simulated,Simulated,Simulated
VAREXP_COL_022,22,Saved,KNOWN_COMMON_HEADER,APPROVED_FOR_DATA_ACQUISITION,"Minimum Utility AI identity, description, type, unit, alarm, scaling, or historian field",COMMON_EXACT_VAREXP_COL_022,Saved,Saved,Saved,Saved,Saved
VAREXP_COL_023,23,Source,KNOWN_COMMON_HEADER,EXCLUDED_SENSITIVE,"Communication, address, endpoint, source-system, station, or control-expression metadata excluded from initial Pilot",COMMON_EXACT_VAREXP_COL_023,Source,Source,Source,Source,Source
VAREXP_COL_024,24,Broadcast,KNOWN_COMMON_HEADER,METADATA_ONLY,Retain only as schema/provenance metadata; not an initial Utility AI value field,COMMON_EXACT_VAREXP_COL_024,Broadcast,Broadcast,Broadcast,Broadcast,Broadcast
VAREXP_COL_025,25,StationOrAssociationNumber,KNOWN_COMMON_HEADER,EXCLUDED_SENSITIVE,"Communication, address, endpoint, source-system, station, or control-expression metadata excluded from initial Pilot",COMMON_EXACT_VAREXP_COL_025,StationOrAssociationNumber,StationOrAssociationNumber,StationOrAssociationNumber,StationOrAssociationNumber,StationOrAssociationNumber
VAREXP_COL_026,26,VAREXP_COL_026,RESERVED_CANDIDATE_UNCONFIRMED,EXCLUDED_SCHEMA_UNCERTAIN,Empty positional field; reserved status unconfirmed,EMPTY_POSITION_VAREXP_COL_026,,,,,
VAREXP_COL_027,27,PermanentScan,KNOWN_COMMON_HEADER,APPROVED_FOR_DATA_ACQUISITION,"Minimum Utility AI identity, description, type, unit, alarm, scaling, or historian field",COMMON_EXACT_VAREXP_COL_027,PermanentScan,PermanentScan,PermanentScan,PermanentScan,PermanentScan
VAREXP_COL_028,28,VAREXP_COL_028,RESERVED_CANDIDATE_UNCONFIRMED,EXCLUDED_SCHEMA_UNCERTAIN,Empty positional field; reserved status unconfirmed,EMPTY_POSITION_VAREXP_COL_028,,,,,
VAREXP_COL_029,29,UseExtendedAttributes,KNOWN_COMMON_HEADER,METADATA_ONLY,Retain only as schema/provenance metadata; not an initial Utility AI value field,COMMON_EXACT_VAREXP_COL_029,UseExtendedAttributes,UseExtendedAttributes,UseExtendedAttributes,UseExtendedAttributes,UseExtendedAttributes
VAREXP_COL_030,30,VAREXP_COL_030,RESERVED_CANDIDATE_UNCONFIRMED,EXCLUDED_SCHEMA_UNCERTAIN,Empty positional field; reserved status unconfirmed,EMPTY_POSITION_VAREXP_COL_030,,,,,
VAREXP_COL_031,31,VAREXP_COL_031,RESERVED_CANDIDATE_UNCONFIRMED,EXCLUDED_SCHEMA_UNCERTAIN,Empty positional field; reserved status unconfirmed,EMPTY_POSITION_VAREXP_COL_031,,,,,
VAREXP_COL_032,32,VAREXP_COL_032,RESERVED_CANDIDATE_UNCONFIRMED,EXCLUDED_SCHEMA_UNCERTAIN,Empty positional field; reserved status unconfirmed,EMPTY_POSITION_VAREXP_COL_032,,,,,
VAREXP_COL_033,33,VAREXP_COL_033,RESERVED_CANDIDATE_UNCONFIRMED,EXCLUDED_SCHEMA_UNCERTAIN,Empty positional field; reserved status unconfirmed,EMPTY_POSITION_VAREXP_COL_033,,,,,
VAREXP_COL_034,34,ServerListName,KNOWN_COMMON_HEADER,EXCLUDED_SENSITIVE,"Communication, address, endpoint, source-system, station, or control-expression metadata excluded from initial Pilot",COMMON_EXACT_VAREXP_COL_034,ServerListName,ServerListName,ServerListName,ServerListName,ServerListName
VAREXP_COL_035,35,ClientListName,KNOWN_COMMON_HEADER,EXCLUDED_SENSITIVE,"Communication, address, endpoint, source-system, station, or control-expression metadata excluded from initial Pilot",COMMON_EXACT_VAREXP_COL_035,ClientListName,ClientListName,ClientListName,ClientListName,ClientListName
VAREXP_COL_036,36,VAREXP_COL_036,RESERVED_CANDIDATE_UNCONFIRMED,EXCLUDED_SCHEMA_UNCERTAIN,Empty positional field; reserved status unconfirmed,EMPTY_POSITION_VAREXP_COL_036,,,,,
VAREXP_COL_037,37,Eqt_NetworkName,KNOWN_COMMON_HEADER,EXCLUDED_SENSITIVE,"Communication, address, endpoint, source-system, station, or control-expression metadata excluded from initial Pilot",COMMON_EXACT_VAREXP_COL_037,Eqt_NetworkName,Eqt_NetworkName,Eqt_NetworkName,Eqt_NetworkName,Eqt_NetworkName
VAREXP_COL_038,38,Eqt_EqtName,KNOWN_COMMON_HEADER,EXCLUDED_SENSITIVE,"Communication, address, endpoint, source-system, station, or control-expression metadata excluded from initial Pilot",COMMON_EXACT_VAREXP_COL_038,Eqt_EqtName,Eqt_EqtName,Eqt_EqtName,Eqt_EqtName,Eqt_EqtName
VAREXP_COL_039,39,Eqt_FrameName,KNOWN_COMMON_HEADER,EXCLUDED_SENSITIVE,"Communication, address, endpoint, source-system, station, or control-expression metadata excluded from initial Pilot",COMMON_EXACT_VAREXP_COL_039,Eqt_FrameName,Eqt_FrameName,Eqt_FrameName,Eqt_FrameName,Eqt_FrameName
VAREXP_COL_040,40,Eqt_Type,KNOWN_COMMON_HEADER,EXCLUDED_SENSITIVE,"Communication, address, endpoint, source-system, station, or control-expression metadata excluded from initial Pilot",COMMON_EXACT_VAREXP_COL_040,Eqt_Type,Eqt_Type,Eqt_Type,Eqt_Type,Eqt_Type
VAREXP_COL_041,41,Eqt_Index,KNOWN_COMMON_HEADER,EXCLUDED_SENSITIVE,"Communication, address, endpoint, source-system, station, or control-expression metadata excluded from initial Pilot",COMMON_EXACT_VAREXP_COL_041,Eqt_Index,Eqt_Index,Eqt_Index,Eqt_Index,Eqt_Index
VAREXP_COL_042,42,Eqt_IndexComp,KNOWN_COMMON_HEADER,EXCLUDED_SENSITIVE,"Communication, address, endpoint, source-system, station, or control-expression metadata excluded from initial Pilot",COMMON_EXACT_VAREXP_COL_042,Eqt_IndexComp,Eqt_IndexComp,Eqt_IndexComp,Eqt_IndexComp,Eqt_IndexComp
VAREXP_COL_043,43,Eqt_SizeBit,KNOWN_COMMON_HEADER,EXCLUDED_SENSITIVE,"Communication, address, endpoint, source-system, station, or control-expression metadata excluded from initial Pilot",COMMON_EXACT_VAREXP_COL_043,Eqt_SizeBit,Eqt_SizeBit,Eqt_SizeBit,Eqt_SizeBit,Eqt_SizeBit
VAREXP_COL_044,44,Eqt_TextEncoding,KNOWN_COMMON_HEADER,EXCLUDED_SENSITIVE,"Communication, address, endpoint, source-system, station, or control-expression metadata excluded from initial Pilot",COMMON_EXACT_VAREXP_COL_044,Eqt_TextEncoding,Eqt_TextEncoding,Eqt_TextEncoding,Eqt_TextEncoding,Eqt_TextEncoding
VAREXP_COL_045,45,VAREXP_COL_045,RESERVED_CANDIDATE_UNCONFIRMED,EXCLUDED_SCHEMA_UNCERTAIN,Empty positional field; reserved status unconfirmed,EMPTY_POSITION_VAREXP_COL_045,,,,,
VAREXP_COL_046,46,AssociatedLabels,KNOWN_COMMON_HEADER,METADATA_ONLY,Retain only as schema/provenance metadata; not an initial Utility AI value field,COMMON_EXACT_VAREXP_COL_046,AssociatedLabels,AssociatedLabels,AssociatedLabels,AssociatedLabels,AssociatedLabels
VAREXP_COL_047,47,Log0_1,KNOWN_COMMON_HEADER,APPROVED_FOR_DATA_ACQUISITION,"Minimum Utility AI identity, description, type, unit, alarm, scaling, or historian field",COMMON_EXACT_VAREXP_COL_047,Log0_1,Log0_1,Log0_1,Log0_1,Log0_1
VAREXP_COL_048,48,Log1_0,KNOWN_COMMON_HEADER,APPROVED_FOR_DATA_ACQUISITION,"Minimum Utility AI identity, description, type, unit, alarm, scaling, or historian field",COMMON_EXACT_VAREXP_COL_048,Log1_0,Log1_0,Log1_0,Log1_0,Log1_0
VAREXP_COL_049,49,VAREXP_COL_049,RESERVED_CANDIDATE_UNCONFIRMED,EXCLUDED_SCHEMA_UNCERTAIN,Empty positional field; reserved status unconfirmed,EMPTY_POSITION_VAREXP_COL_049,,,,,
VAREXP_COL_050,50,BitCommandLevel,KNOWN_COMMON_HEADER,METADATA_ONLY,Retain only as schema/provenance metadata; not an initial Utility AI value field,COMMON_EXACT_VAREXP_COL_050,BitCommandLevel,BitCommandLevel,BitCommandLevel,BitCommandLevel,BitCommandLevel
VAREXP_COL_051,51,AlarmLevel,KNOWN_COMMON_HEADER,APPROVED_FOR_DATA_ACQUISITION,"Minimum Utility AI identity, description, type, unit, alarm, scaling, or historian field",COMMON_EXACT_VAREXP_COL_051,AlarmLevel,AlarmLevel,AlarmLevel,AlarmLevel,AlarmLevel
VAREXP_COL_052,52,AlarmActiveAt1,KNOWN_COMMON_HEADER,APPROVED_FOR_DATA_ACQUISITION,"Minimum Utility AI identity, description, type, unit, alarm, scaling, or historian field",COMMON_EXACT_VAREXP_COL_052,AlarmActiveAt1,AlarmActiveAt1,AlarmActiveAt1,AlarmActiveAt1,AlarmActiveAt1
VAREXP_COL_053,53,MaskDependency,KNOWN_COMMON_HEADER,NOT_REQUIRED_FOR_UTILITY_AI,Known field not required for initial Utility AI Pilot,COMMON_EXACT_VAREXP_COL_053,MaskDependency,MaskDependency,MaskDependency,MaskDependency,MaskDependency
VAREXP_COL_054,54,AlarmTemporization,KNOWN_COMMON_HEADER,APPROVED_FOR_DATA_ACQUISITION,"Minimum Utility AI identity, description, type, unit, alarm, scaling, or historian field",COMMON_EXACT_VAREXP_COL_054,AlarmTemporization,AlarmTemporization,AlarmTemporization,AlarmTemporization,AlarmTemporization
VAREXP_COL_055,55,VAREXP_COL_055,RESERVED_CANDIDATE_UNCONFIRMED,EXCLUDED_SCHEMA_UNCERTAIN,Empty positional field; reserved status unconfirmed,EMPTY_POSITION_VAREXP_COL_055,,,,,
VAREXP_COL_056,56,ThresholdHysterisis,KNOWN_COMMON_HEADER,APPROVED_FOR_DATA_ACQUISITION,"Minimum Utility AI identity, description, type, unit, alarm, scaling, or historian field",COMMON_EXACT_VAREXP_COL_056,ThresholdHysterisis,ThresholdHysterisis,ThresholdHysterisis,ThresholdHysterisis,ThresholdHysterisis
VAREXP_COL_057,57,ThresholdValue,CASE_ONLY_VARIANT,APPROVED_FOR_DATA_ACQUISITION,"Minimum Utility AI identity, description, type, unit, alarm, scaling, or historian field",CASE_ALIAS_VAREXP_COL_057,ThresholdValue,Thresholdvalue,ThresholdValue,ThresholdValue,Thresholdvalue
VAREXP_COL_058,58,ThresholdHigh,KNOWN_COMMON_HEADER,APPROVED_FOR_DATA_ACQUISITION,"Minimum Utility AI identity, description, type, unit, alarm, scaling, or historian field",COMMON_EXACT_VAREXP_COL_058,ThresholdHigh,ThresholdHigh,ThresholdHigh,ThresholdHigh,ThresholdHigh
VAREXP_COL_059,59,ThresholdSource,KNOWN_COMMON_HEADER,EXCLUDED_SENSITIVE,"Communication, address, endpoint, source-system, station, or control-expression metadata excluded from initial Pilot",COMMON_EXACT_VAREXP_COL_059,ThresholdSource,ThresholdSource,ThresholdSource,ThresholdSource,ThresholdSource
VAREXP_COL_060,60,ThresholdSystem,KNOWN_COMMON_HEADER,EXCLUDED_SENSITIVE,"Communication, address, endpoint, source-system, station, or control-expression metadata excluded from initial Pilot",COMMON_EXACT_VAREXP_COL_060,ThresholdSystem,ThresholdSystem,ThresholdSystem,ThresholdSystem,ThresholdSystem
VAREXP_COL_061,61,ThresholdTypeInSystem,KNOWN_COMMON_HEADER,APPROVED_FOR_DATA_ACQUISITION,"Minimum Utility AI identity, description, type, unit, alarm, scaling, or historian field",COMMON_EXACT_VAREXP_COL_061,ThresholdTypeInSystem,ThresholdTypeInSystem,ThresholdTypeInSystem,ThresholdTypeInSystem,ThresholdTypeInSystem
VAREXP_COL_062,62,VAREXP_COL_062,RESERVED_CANDIDATE_UNCONFIRMED,EXCLUDED_SCHEMA_UNCERTAIN,Empty positional field; reserved status unconfirmed,EMPTY_POSITION_VAREXP_COL_062,,,,,
VAREXP_COL_063,63,VAREXP_COL_063,RESERVED_CANDIDATE_UNCONFIRMED,EXCLUDED_SCHEMA_UNCERTAIN,Empty positional field; reserved status unconfirmed,EMPTY_POSITION_VAREXP_COL_063,,,,,
VAREXP_COL_064,64,VAREXP_COL_064,RESERVED_CANDIDATE_UNCONFIRMED,EXCLUDED_SCHEMA_UNCERTAIN,Empty positional field; reserved status unconfirmed,EMPTY_POSITION_VAREXP_COL_064,,,,,
VAREXP_COL_065,65,VAREXP_COL_065,RESERVED_CANDIDATE_UNCONFIRMED,EXCLUDED_SCHEMA_UNCERTAIN,Empty positional field; reserved status unconfirmed,EMPTY_POSITION_VAREXP_COL_065,,,,,
VAREXP_COL_066,66,Unit,KNOWN_COMMON_HEADER,APPROVED_FOR_DATA_ACQUISITION,"Minimum Utility AI identity, description, type, unit, alarm, scaling, or historian field",COMMON_EXACT_VAREXP_COL_066,Unit,Unit,Unit,Unit,Unit
VAREXP_COL_067,67,DeadbandValue,CASE_ONLY_VARIANT,APPROVED_FOR_DATA_ACQUISITION,"Minimum Utility AI identity, description, type, unit, alarm, scaling, or historian field",CASE_ALIAS_VAREXP_COL_067,DeadbandValue,Deadbandvalue,DeadbandValue,DeadbandValue,Deadbandvalue
VAREXP_COL_068,68,MinimumValue,CASE_ONLY_VARIANT,APPROVED_FOR_DATA_ACQUISITION,"Minimum Utility AI identity, description, type, unit, alarm, scaling, or historian field",CASE_ALIAS_VAREXP_COL_068,MinimumValue,Minimumvalue,MinimumValue,MinimumValue,Minimumvalue
VAREXP_COL_069,69,MaximumValue,CASE_ONLY_VARIANT,APPROVED_FOR_DATA_ACQUISITION,"Minimum Utility AI identity, description, type, unit, alarm, scaling, or historian field",CASE_ALIAS_VAREXP_COL_069,MaximumValue,Maximumvalue,MaximumValue,MaximumValue,Maximumvalue
VAREXP_COL_070,70,ScaledValue,CASE_ONLY_VARIANT,APPROVED_FOR_DATA_ACQUISITION,"Minimum Utility AI identity, description, type, unit, alarm, scaling, or historian field",CASE_ALIAS_VAREXP_COL_070,ScaledValue,Scaledvalue,ScaledValue,ScaledValue,Scaledvalue
VAREXP_COL_071,71,DeviceMinimumValue,CASE_ONLY_VARIANT,APPROVED_FOR_DATA_ACQUISITION,"Minimum Utility AI identity, description, type, unit, alarm, scaling, or historian field",CASE_ALIAS_VAREXP_COL_071,DeviceMinimumValue,DeviceMinimumvalue,DeviceMinimumValue,DeviceMinimumValue,DeviceMinimumvalue
VAREXP_COL_072,72,DeviceMaximumValue,CASE_ONLY_VARIANT,APPROVED_FOR_DATA_ACQUISITION,"Minimum Utility AI identity, description, type, unit, alarm, scaling, or historian field",CASE_ALIAS_VAREXP_COL_072,DeviceMaximumValue,DeviceMaximumvalue,DeviceMaximumValue,DeviceMaximumValue,DeviceMaximumvalue
VAREXP_COL_073,73,Format,KNOWN_COMMON_HEADER,APPROVED_FOR_DATA_ACQUISITION,"Minimum Utility AI identity, description, type, unit, alarm, scaling, or historian field",COMMON_EXACT_VAREXP_COL_073,Format,Format,Format,Format,Format
VAREXP_COL_074,74,VariableMinimumValue,CASE_ONLY_VARIANT,APPROVED_FOR_DATA_ACQUISITION,"Minimum Utility AI identity, description, type, unit, alarm, scaling, or historian field",CASE_ALIAS_VAREXP_COL_074,VariableMinimumValue,VariableMinimumvalue,VariableMinimumValue,VariableMinimumValue,VariableMinimumvalue
VAREXP_COL_075,75,VariableMaximumValue,CASE_ONLY_VARIANT,APPROVED_FOR_DATA_ACQUISITION,"Minimum Utility AI identity, description, type, unit, alarm, scaling, or historian field",CASE_ALIAS_VAREXP_COL_075,VariableMaximumValue,VariableMaximumvalue,VariableMaximumValue,VariableMaximumValue,VariableMaximumvalue
VAREXP_COL_076,76,ControlMinimumValue,CASE_ONLY_VARIANT,APPROVED_FOR_DATA_ACQUISITION,"Minimum Utility AI identity, description, type, unit, alarm, scaling, or historian field",CASE_ALIAS_VAREXP_COL_076,ControlMinimumValue,ControlMinimumvalue,ControlMinimumValue,ControlMinimumValue,ControlMinimumvalue
VAREXP_COL_077,77,ControlMaximumValue,CASE_ONLY_VARIANT,APPROVED_FOR_DATA_ACQUISITION,"Minimum Utility AI identity, description, type, unit, alarm, scaling, or historian field",CASE_ALIAS_VAREXP_COL_077,ControlMaximumValue,ControlMaximumvalue,ControlMaximumValue,ControlMaximumValue,ControlMaximumvalue
VAREXP_COL_078,78,RegisterCommandLevel,KNOWN_COMMON_HEADER,METADATA_ONLY,Retain only as schema/provenance metadata; not an initial Utility AI value field,COMMON_EXACT_VAREXP_COL_078,RegisterCommandLevel,RegisterCommandLevel,RegisterCommandLevel,RegisterCommandLevel,RegisterCommandLevel
VAREXP_COL_079,79,VariableControlMinimumValue,CASE_ONLY_VARIANT,APPROVED_FOR_DATA_ACQUISITION,"Minimum Utility AI identity, description, type, unit, alarm, scaling, or historian field",CASE_ALIAS_VAREXP_COL_079,VariableControlMinimumValue,VariableControlMinimumvalue,VariableControlMinimumValue,VariableControlMinimumValue,VariableControlMinimumvalue
VAREXP_COL_080,80,VariableControlMaximumValue,CASE_ONLY_VARIANT,APPROVED_FOR_DATA_ACQUISITION,"Minimum Utility AI identity, description, type, unit, alarm, scaling, or historian field",CASE_ALIAS_VAREXP_COL_080,VariableControlMaximumValue,VariableControlMaximumvalue,VariableControlMaximumValue,VariableControlMaximumValue,VariableControlMaximumvalue
VAREXP_COL_081,81,VAREXP_COL_081,RESERVED_CANDIDATE_UNCONFIRMED,EXCLUDED_SCHEMA_UNCERTAIN,Empty positional field; reserved status unconfirmed,EMPTY_POSITION_VAREXP_COL_081,,,,,
VAREXP_COL_082,82,VAREXP_COL_082,RESERVED_CANDIDATE_UNCONFIRMED,EXCLUDED_SCHEMA_UNCERTAIN,Empty positional field; reserved status unconfirmed,EMPTY_POSITION_VAREXP_COL_082,,,,,
VAREXP_COL_083,83,VAREXP_COL_083,RESERVED_CANDIDATE_UNCONFIRMED,EXCLUDED_SCHEMA_UNCERTAIN,Empty positional field; reserved status unconfirmed,EMPTY_POSITION_VAREXP_COL_083,,,,,
VAREXP_COL_084,84,VAREXP_COL_084,RESERVED_CANDIDATE_UNCONFIRMED,EXCLUDED_SCHEMA_UNCERTAIN,Empty positional field; reserved status unconfirmed,EMPTY_POSITION_VAREXP_COL_084,,,,,
VAREXP_COL_085,85,VAREXP_COL_085,RESERVED_CANDIDATE_UNCONFIRMED,EXCLUDED_SCHEMA_UNCERTAIN,Empty positional field; reserved status unconfirmed,EMPTY_POSITION_VAREXP_COL_085,,,,,
VAREXP_COL_086,86,Counter_StepSize,KNOWN_COMMON_HEADER,METADATA_ONLY,Retain only as schema/provenance metadata; not an initial Utility AI value field,COMMON_EXACT_VAREXP_COL_086,Counter_StepSize,Counter_StepSize,Counter_StepSize,Counter_StepSize,Counter_StepSize
VAREXP_COL_087,87,Counter_Type,KNOWN_COMMON_HEADER,METADATA_ONLY,Retain only as schema/provenance metadata; not an initial Utility AI value field,COMMON_EXACT_VAREXP_COL_087,Counter_Type,Counter_Type,Counter_Type,Counter_Type,Counter_Type
VAREXP_COL_088,88,Counter_CountBitName,KNOWN_COMMON_HEADER,METADATA_ONLY,Retain only as schema/provenance metadata; not an initial Utility AI value field,COMMON_EXACT_VAREXP_COL_088,Counter_CountBitName,Counter_CountBitName,Counter_CountBitName,Counter_CountBitName,Counter_CountBitName
VAREXP_COL_089,89,Counter_CountBitTransition,KNOWN_COMMON_HEADER,METADATA_ONLY,Retain only as schema/provenance metadata; not an initial Utility AI value field,COMMON_EXACT_VAREXP_COL_089,Counter_CountBitTransition,Counter_CountBitTransition,Counter_CountBitTransition,Counter_CountBitTransition,Counter_CountBitTransition
VAREXP_COL_090,90,Counter_ResetBitName,KNOWN_COMMON_HEADER,METADATA_ONLY,Retain only as schema/provenance metadata; not an initial Utility AI value field,COMMON_EXACT_VAREXP_COL_090,Counter_ResetBitName,Counter_ResetBitName,Counter_ResetBitName,Counter_ResetBitName,Counter_ResetBitName
VAREXP_COL_091,91,Counter_ResetBitTransition,KNOWN_COMMON_HEADER,METADATA_ONLY,Retain only as schema/provenance metadata; not an initial Utility AI value field,COMMON_EXACT_VAREXP_COL_091,Counter_ResetBitTransition,Counter_ResetBitTransition,Counter_ResetBitTransition,Counter_ResetBitTransition,Counter_ResetBitTransition
VAREXP_COL_092,92,VAREXP_COL_092,RESERVED_CANDIDATE_UNCONFIRMED,EXCLUDED_SCHEMA_UNCERTAIN,Empty positional field; reserved status unconfirmed,EMPTY_POSITION_VAREXP_COL_092,,,,,
VAREXP_COL_093,93,VAREXP_COL_093,RESERVED_CANDIDATE_UNCONFIRMED,EXCLUDED_SCHEMA_UNCERTAIN,Empty positional field; reserved status unconfirmed,EMPTY_POSITION_VAREXP_COL_093,,,,,
VAREXP_COL_094,94,VAREXP_COL_094,RESERVED_CANDIDATE_UNCONFIRMED,EXCLUDED_SCHEMA_UNCERTAIN,Empty positional field; reserved status unconfirmed,EMPTY_POSITION_VAREXP_COL_094,,,,,
VAREXP_COL_095,95,VAREXP_COL_095,RESERVED_CANDIDATE_UNCONFIRMED,EXCLUDED_SCHEMA_UNCERTAIN,Empty positional field; reserved status unconfirmed,EMPTY_POSITION_VAREXP_COL_095,,,,,
VAREXP_COL_096,96,Chrono_Period,KNOWN_COMMON_HEADER,METADATA_ONLY,Retain only as schema/provenance metadata; not an initial Utility AI value field,COMMON_EXACT_VAREXP_COL_096,Chrono_Period,Chrono_Period,Chrono_Period,Chrono_Period,Chrono_Period
VAREXP_COL_097,97,Chrono_Type,KNOWN_COMMON_HEADER,METADATA_ONLY,Retain only as schema/provenance metadata; not an initial Utility AI value field,COMMON_EXACT_VAREXP_COL_097,Chrono_Type,Chrono_Type,Chrono_Type,Chrono_Type,Chrono_Type
VAREXP_COL_098,98,Chrono_EnableBitName,CASE_ONLY_VARIANT,METADATA_ONLY,Retain only as schema/provenance metadata; not an initial Utility AI value field,CASE_ALIAS_VAREXP_COL_098,Chrono_EnableBitName,Chrono_enableBitName,Chrono_EnableBitName,Chrono_EnableBitName,Chrono_enableBitName
VAREXP_COL_099,99,Chrono_EnableBitTransition,CASE_ONLY_VARIANT,METADATA_ONLY,Retain only as schema/provenance metadata; not an initial Utility AI value field,CASE_ALIAS_VAREXP_COL_099,Chrono_EnableBitTransition,Chrono_enableBitTransition,Chrono_EnableBitTransition,Chrono_EnableBitTransition,Chrono_enableBitTransition
VAREXP_COL_100,100,Chrono_ResetBitName,KNOWN_COMMON_HEADER,METADATA_ONLY,Retain only as schema/provenance metadata; not an initial Utility AI value field,COMMON_EXACT_VAREXP_COL_100,Chrono_ResetBitName,Chrono_ResetBitName,Chrono_ResetBitName,Chrono_ResetBitName,Chrono_ResetBitName
VAREXP_COL_101,101,Chrono_ResetBitTransition,KNOWN_COMMON_HEADER,METADATA_ONLY,Retain only as schema/provenance metadata; not an initial Utility AI value field,COMMON_EXACT_VAREXP_COL_101,Chrono_ResetBitTransition,Chrono_ResetBitTransition,Chrono_ResetBitTransition,Chrono_ResetBitTransition,Chrono_ResetBitTransition
VAREXP_COL_102,102,VAREXP_COL_102,RESERVED_CANDIDATE_UNCONFIRMED,EXCLUDED_SCHEMA_UNCERTAIN,Empty positional field; reserved status unconfirmed,EMPTY_POSITION_VAREXP_COL_102,,,,,
VAREXP_COL_103,103,VAREXP_COL_103,RESERVED_CANDIDATE_UNCONFIRMED,EXCLUDED_SCHEMA_UNCERTAIN,Empty positional field; reserved status unconfirmed,EMPTY_POSITION_VAREXP_COL_103,,,,,
VAREXP_COL_104,104,VAREXP_COL_104,RESERVED_CANDIDATE_UNCONFIRMED,EXCLUDED_SCHEMA_UNCERTAIN,Empty positional field; reserved status unconfirmed,EMPTY_POSITION_VAREXP_COL_104,,,,,
VAREXP_COL_105,105,VAREXP_COL_105,RESERVED_CANDIDATE_UNCONFIRMED,EXCLUDED_SCHEMA_UNCERTAIN,Empty positional field; reserved status unconfirmed,EMPTY_POSITION_VAREXP_COL_105,,,,,
VAREXP_COL_106,106,TextSize,KNOWN_COMMON_HEADER,APPROVED_FOR_DATA_ACQUISITION,"Minimum Utility AI identity, description, type, unit, alarm, scaling, or historian field",COMMON_EXACT_VAREXP_COL_106,TextSize,TextSize,TextSize,TextSize,TextSize
VAREXP_COL_107,107,VAREXP_COL_107,RESERVED_CANDIDATE_UNCONFIRMED,EXCLUDED_SCHEMA_UNCERTAIN,Empty positional field; reserved status unconfirmed,EMPTY_POSITION_VAREXP_COL_107,,,,,
VAREXP_COL_108,108,TextCommandLevel,KNOWN_COMMON_HEADER,METADATA_ONLY,Retain only as schema/provenance metadata; not an initial Utility AI value field,COMMON_EXACT_VAREXP_COL_108,TextCommandLevel,TextCommandLevel,TextCommandLevel,TextCommandLevel,TextCommandLevel
VAREXP_COL_109,109,VAREXP_COL_109,RESERVED_CANDIDATE_UNCONFIRMED,EXCLUDED_SCHEMA_UNCERTAIN,Empty positional field; reserved status unconfirmed,EMPTY_POSITION_VAREXP_COL_109,,,,,
VAREXP_COL_110,110,VAREXP_COL_110,RESERVED_CANDIDATE_UNCONFIRMED,EXCLUDED_SCHEMA_UNCERTAIN,Empty positional field; reserved status unconfirmed,EMPTY_POSITION_VAREXP_COL_110,,,,,
VAREXP_COL_111,111,VAREXP_COL_111,RESERVED_CANDIDATE_UNCONFIRMED,EXCLUDED_SCHEMA_UNCERTAIN,Empty positional field; reserved status unconfirmed,EMPTY_POSITION_VAREXP_COL_111,,,,,
VAREXP_COL_112,112,VAREXP_COL_112,RESERVED_CANDIDATE_UNCONFIRMED,EXCLUDED_SCHEMA_UNCERTAIN,Empty positional field; reserved status unconfirmed,EMPTY_POSITION_VAREXP_COL_112,,,,,
VAREXP_COL_113,113,VAREXP_COL_113,RESERVED_CANDIDATE_UNCONFIRMED,EXCLUDED_SCHEMA_UNCERTAIN,Empty positional field; reserved status unconfirmed,EMPTY_POSITION_VAREXP_COL_113,,,,,
VAREXP_COL_114,114,VAREXP_COL_114,RESERVED_CANDIDATE_UNCONFIRMED,EXCLUDED_SCHEMA_UNCERTAIN,Empty positional field; reserved status unconfirmed,EMPTY_POSITION_VAREXP_COL_114,,,,,
VAREXP_COL_115,115,VAREXP_COL_115,RESERVED_CANDIDATE_UNCONFIRMED,EXCLUDED_SCHEMA_UNCERTAIN,Empty positional field; reserved status unconfirmed,EMPTY_POSITION_VAREXP_COL_115,,,,,
VAREXP_COL_116,116,LNS_NetworkAlias,KNOWN_COMMON_HEADER,EXCLUDED_SENSITIVE,"Communication, address, endpoint, source-system, station, or control-expression metadata excluded from initial Pilot",COMMON_EXACT_VAREXP_COL_116,LNS_NetworkAlias,LNS_NetworkAlias,LNS_NetworkAlias,LNS_NetworkAlias,LNS_NetworkAlias
VAREXP_COL_117,117,LNS_NodeAlias,KNOWN_COMMON_HEADER,EXCLUDED_SENSITIVE,"Communication, address, endpoint, source-system, station, or control-expression metadata excluded from initial Pilot",COMMON_EXACT_VAREXP_COL_117,LNS_NodeAlias,LNS_NodeAlias,LNS_NodeAlias,LNS_NodeAlias,LNS_NodeAlias
VAREXP_COL_118,118,LNS_NvName,KNOWN_COMMON_HEADER,EXCLUDED_SENSITIVE,"Communication, address, endpoint, source-system, station, or control-expression metadata excluded from initial Pilot",COMMON_EXACT_VAREXP_COL_118,LNS_NvName,LNS_NvName,LNS_NvName,LNS_NvName,LNS_NvName
VAREXP_COL_119,119,LNS_PollingPeriod,KNOWN_COMMON_HEADER,EXCLUDED_SENSITIVE,"Communication, address, endpoint, source-system, station, or control-expression metadata excluded from initial Pilot",COMMON_EXACT_VAREXP_COL_119,LNS_PollingPeriod,LNS_PollingPeriod,LNS_PollingPeriod,LNS_PollingPeriod,LNS_PollingPeriod
VAREXP_COL_120,120,LNS_DefaultMonitoring,KNOWN_COMMON_HEADER,EXCLUDED_SENSITIVE,"Communication, address, endpoint, source-system, station, or control-expression metadata excluded from initial Pilot",COMMON_EXACT_VAREXP_COL_120,LNS_DefaultMonitoring,LNS_DefaultMonitoring,LNS_DefaultMonitoring,LNS_DefaultMonitoring,LNS_DefaultMonitoring
VAREXP_COL_121,121,LNS_FieldName,KNOWN_COMMON_HEADER,EXCLUDED_SENSITIVE,"Communication, address, endpoint, source-system, station, or control-expression metadata excluded from initial Pilot",COMMON_EXACT_VAREXP_COL_121,LNS_FieldName,LNS_FieldName,LNS_FieldName,LNS_FieldName,LNS_FieldName
VAREXP_COL_122,122,VAREXP_COL_122,RESERVED_CANDIDATE_UNCONFIRMED,EXCLUDED_SCHEMA_UNCERTAIN,Empty positional field; reserved status unconfirmed,EMPTY_POSITION_VAREXP_COL_122,,,,,
VAREXP_COL_123,123,VAREXP_COL_123,RESERVED_CANDIDATE_UNCONFIRMED,EXCLUDED_SCHEMA_UNCERTAIN,Empty positional field; reserved status unconfirmed,EMPTY_POSITION_VAREXP_COL_123,,,,,
VAREXP_COL_124,124,VAREXP_COL_124,RESERVED_CANDIDATE_UNCONFIRMED,EXCLUDED_SCHEMA_UNCERTAIN,Empty positional field; reserved status unconfirmed,EMPTY_POSITION_VAREXP_COL_124,,,,,
VAREXP_COL_125,125,VAREXP_COL_125,RESERVED_CANDIDATE_UNCONFIRMED,EXCLUDED_SCHEMA_UNCERTAIN,Empty positional field; reserved status unconfirmed,EMPTY_POSITION_VAREXP_COL_125,,,,,
VAREXP_COL_126,126,DDE_Server,KNOWN_COMMON_HEADER,EXCLUDED_SENSITIVE,"Communication, address, endpoint, source-system, station, or control-expression metadata excluded from initial Pilot",COMMON_EXACT_VAREXP_COL_126,DDE_Server,DDE_Server,DDE_Server,DDE_Server,DDE_Server
VAREXP_COL_127,127,DDE_Item,KNOWN_COMMON_HEADER,EXCLUDED_SENSITIVE,"Communication, address, endpoint, source-system, station, or control-expression metadata excluded from initial Pilot",COMMON_EXACT_VAREXP_COL_127,DDE_Item,DDE_Item,DDE_Item,DDE_Item,DDE_Item
VAREXP_COL_128,128,VAREXP_COL_128,RESERVED_CANDIDATE_UNCONFIRMED,EXCLUDED_SCHEMA_UNCERTAIN,Empty positional field; reserved status unconfirmed,EMPTY_POSITION_VAREXP_COL_128,,,,,
VAREXP_COL_129,129,VAREXP_COL_129,RESERVED_CANDIDATE_UNCONFIRMED,EXCLUDED_SCHEMA_UNCERTAIN,Empty positional field; reserved status unconfirmed,EMPTY_POSITION_VAREXP_COL_129,,,,,
VAREXP_COL_130,130,DDE_Format,KNOWN_COMMON_HEADER,EXCLUDED_SENSITIVE,"Communication, address, endpoint, source-system, station, or control-expression metadata excluded from initial Pilot",COMMON_EXACT_VAREXP_COL_130,DDE_Format,DDE_Format,DDE_Format,DDE_Format,DDE_Format
VAREXP_COL_131,131,DDE_RangBit,KNOWN_COMMON_HEADER,EXCLUDED_SENSITIVE,"Communication, address, endpoint, source-system, station, or control-expression metadata excluded from initial Pilot",COMMON_EXACT_VAREXP_COL_131,DDE_RangBit,DDE_RangBit,DDE_RangBit,DDE_RangBit,DDE_RangBit
VAREXP_COL_132,132,DDE_AutoItemName,KNOWN_COMMON_HEADER,EXCLUDED_SENSITIVE,"Communication, address, endpoint, source-system, station, or control-expression metadata excluded from initial Pilot",COMMON_EXACT_VAREXP_COL_132,DDE_AutoItemName,DDE_AutoItemName,DDE_AutoItemName,DDE_AutoItemName,DDE_AutoItemName
VAREXP_COL_133,133,DDE_Label,KNOWN_COMMON_HEADER,EXCLUDED_SENSITIVE,"Communication, address, endpoint, source-system, station, or control-expression metadata excluded from initial Pilot",COMMON_EXACT_VAREXP_COL_133,DDE_Label,DDE_Label,DDE_Label,DDE_Label,DDE_Label
VAREXP_COL_134,134,VAREXP_COL_134,RESERVED_CANDIDATE_UNCONFIRMED,EXCLUDED_SCHEMA_UNCERTAIN,Empty positional field; reserved status unconfirmed,EMPTY_POSITION_VAREXP_COL_134,,,,,
VAREXP_COL_135,135,VAREXP_COL_135,RESERVED_CANDIDATE_UNCONFIRMED,EXCLUDED_SCHEMA_UNCERTAIN,Empty positional field; reserved status unconfirmed,EMPTY_POSITION_VAREXP_COL_135,,,,,
VAREXP_COL_136,136,ExtBinary,KNOWN_COMMON_HEADER,METADATA_ONLY,Retain only as schema/provenance metadata; not an initial Utility AI value field,COMMON_EXACT_VAREXP_COL_136,ExtBinary,ExtBinary,ExtBinary,ExtBinary,ExtBinary
VAREXP_COL_137,137,ExtText3,KNOWN_COMMON_HEADER,METADATA_ONLY,Retain only as schema/provenance metadata; not an initial Utility AI value field,COMMON_EXACT_VAREXP_COL_137,ExtText3,ExtText3,ExtText3,ExtText3,ExtText3
VAREXP_COL_138,138,ExtText4,KNOWN_COMMON_HEADER,METADATA_ONLY,Retain only as schema/provenance metadata; not an initial Utility AI value field,COMMON_EXACT_VAREXP_COL_138,ExtText4,ExtText4,ExtText4,ExtText4,ExtText4
VAREXP_COL_139,139,ExtText5,KNOWN_COMMON_HEADER,METADATA_ONLY,Retain only as schema/provenance metadata; not an initial Utility AI value field,COMMON_EXACT_VAREXP_COL_139,ExtText5,ExtText5,ExtText5,ExtText5,ExtText5
VAREXP_COL_140,140,ExtText6,KNOWN_COMMON_HEADER,METADATA_ONLY,Retain only as schema/provenance metadata; not an initial Utility AI value field,COMMON_EXACT_VAREXP_COL_140,ExtText6,ExtText6,ExtText6,ExtText6,ExtText6
VAREXP_COL_141,141,ExtText7,KNOWN_COMMON_HEADER,METADATA_ONLY,Retain only as schema/provenance metadata; not an initial Utility AI value field,COMMON_EXACT_VAREXP_COL_141,ExtText7,ExtText7,ExtText7,ExtText7,ExtText7
VAREXP_COL_142,142,ExtText8,KNOWN_COMMON_HEADER,METADATA_ONLY,Retain only as schema/provenance metadata; not an initial Utility AI value field,COMMON_EXACT_VAREXP_COL_142,ExtText8,ExtText8,ExtText8,ExtText8,ExtText8
VAREXP_COL_143,143,ExtText9,KNOWN_COMMON_HEADER,METADATA_ONLY,Retain only as schema/provenance metadata; not an initial Utility AI value field,COMMON_EXACT_VAREXP_COL_143,ExtText9,ExtText9,ExtText9,ExtText9,ExtText9
VAREXP_COL_144,144,ExtText10,KNOWN_COMMON_HEADER,METADATA_ONLY,Retain only as schema/provenance metadata; not an initial Utility AI value field,COMMON_EXACT_VAREXP_COL_144,ExtText10,ExtText10,ExtText10,ExtText10,ExtText10
VAREXP_COL_145,145,ExtText11,KNOWN_COMMON_HEADER,METADATA_ONLY,Retain only as schema/provenance metadata; not an initial Utility AI value field,COMMON_EXACT_VAREXP_COL_145,ExtText11,ExtText11,ExtText11,ExtText11,ExtText11
VAREXP_COL_146,146,ExtText12,KNOWN_COMMON_HEADER,METADATA_ONLY,Retain only as schema/provenance metadata; not an initial Utility AI value field,COMMON_EXACT_VAREXP_COL_146,ExtText12,ExtText12,ExtText12,ExtText12,ExtText12
VAREXP_COL_147,147,ExtText13,KNOWN_COMMON_HEADER,METADATA_ONLY,Retain only as schema/provenance metadata; not an initial Utility AI value field,COMMON_EXACT_VAREXP_COL_147,ExtText13,ExtText13,ExtText13,ExtText13,ExtText13
VAREXP_COL_148,148,ExtText14,KNOWN_COMMON_HEADER,METADATA_ONLY,Retain only as schema/provenance metadata; not an initial Utility AI value field,COMMON_EXACT_VAREXP_COL_148,ExtText14,ExtText14,ExtText14,ExtText14,ExtText14
VAREXP_COL_149,149,ExtText15,KNOWN_COMMON_HEADER,METADATA_ONLY,Retain only as schema/provenance metadata; not an initial Utility AI value field,COMMON_EXACT_VAREXP_COL_149,ExtText15,ExtText15,ExtText15,ExtText15,ExtText15
VAREXP_COL_150,150,ExtText16,KNOWN_COMMON_HEADER,METADATA_ONLY,Retain only as schema/provenance metadata; not an initial Utility AI value field,COMMON_EXACT_VAREXP_COL_150,ExtText16,ExtText16,ExtText16,ExtText16,ExtText16
VAREXP_COL_151,151,OPC_Server,KNOWN_COMMON_HEADER,EXCLUDED_SENSITIVE,"Communication, address, endpoint, source-system, station, or control-expression metadata excluded from initial Pilot",COMMON_EXACT_VAREXP_COL_151,OPC_Server,OPC_Server,OPC_Server,OPC_Server,OPC_Server
VAREXP_COL_152,152,OPC_Group,KNOWN_COMMON_HEADER,EXCLUDED_SENSITIVE,"Communication, address, endpoint, source-system, station, or control-expression metadata excluded from initial Pilot",COMMON_EXACT_VAREXP_COL_152,OPC_Group,OPC_Group,OPC_Group,OPC_Group,OPC_Group
VAREXP_COL_153,153,OPC_ItemId,KNOWN_COMMON_HEADER,EXCLUDED_SENSITIVE,"Communication, address, endpoint, source-system, station, or control-expression metadata excluded from initial Pilot",COMMON_EXACT_VAREXP_COL_153,OPC_ItemId,OPC_ItemId,OPC_ItemId,OPC_ItemId,OPC_ItemId
VAREXP_COL_154,154,OPC_AccessPath,KNOWN_COMMON_HEADER,EXCLUDED_SENSITIVE,"Communication, address, endpoint, source-system, station, or control-expression metadata excluded from initial Pilot",COMMON_EXACT_VAREXP_COL_154,OPC_AccessPath,OPC_AccessPath,OPC_AccessPath,OPC_AccessPath,OPC_AccessPath
VAREXP_COL_155,155,OPC_IsArray,KNOWN_COMMON_HEADER,EXCLUDED_SENSITIVE,"Communication, address, endpoint, source-system, station, or control-expression metadata excluded from initial Pilot",COMMON_EXACT_VAREXP_COL_155,OPC_IsArray,OPC_IsArray,OPC_IsArray,OPC_IsArray,OPC_IsArray
VAREXP_COL_156,156,OPC_ArrayIndex,KNOWN_COMMON_HEADER,EXCLUDED_SENSITIVE,"Communication, address, endpoint, source-system, station, or control-expression metadata excluded from initial Pilot",COMMON_EXACT_VAREXP_COL_156,OPC_ArrayIndex,OPC_ArrayIndex,OPC_ArrayIndex,OPC_ArrayIndex,OPC_ArrayIndex
VAREXP_COL_157,157,OPC_CustomizationExpression,KNOWN_COMMON_HEADER,EXCLUDED_SENSITIVE,"Communication, address, endpoint, source-system, station, or control-expression metadata excluded from initial Pilot",COMMON_EXACT_VAREXP_COL_157,OPC_CustomizationExpression,OPC_CustomizationExpression,OPC_CustomizationExpression,OPC_CustomizationExpression,OPC_CustomizationExpression
VAREXP_COL_158,158,VAREXP_COL_158,RESERVED_CANDIDATE_UNCONFIRMED,EXCLUDED_SCHEMA_UNCERTAIN,Empty positional field; reserved status unconfirmed,EMPTY_POSITION_VAREXP_COL_158,,,,,
VAREXP_COL_159,159,VAREXP_COL_159,RESERVED_CANDIDATE_UNCONFIRMED,EXCLUDED_SCHEMA_UNCERTAIN,Empty positional field; reserved status unconfirmed,EMPTY_POSITION_VAREXP_COL_159,,,,,
VAREXP_COL_160,160,VAREXP_COL_160,RESERVED_CANDIDATE_UNCONFIRMED,EXCLUDED_SCHEMA_UNCERTAIN,Empty positional field; reserved status unconfirmed,EMPTY_POSITION_VAREXP_COL_160,,,,,
VAREXP_COL_161,161,VAREXP_COL_161,RESERVED_CANDIDATE_UNCONFIRMED,EXCLUDED_SCHEMA_UNCERTAIN,Empty positional field; reserved status unconfirmed,EMPTY_POSITION_VAREXP_COL_161,,,,,
VAREXP_COL_162,162,DeadbandType,KNOWN_COMMON_HEADER,APPROVED_FOR_DATA_ACQUISITION,"Minimum Utility AI identity, description, type, unit, alarm, scaling, or historian field",COMMON_EXACT_VAREXP_COL_162,DeadbandType,DeadbandType,DeadbandType,DeadbandType,DeadbandType
VAREXP_COL_163,163,Recorder,KNOWN_COMMON_HEADER,APPROVED_FOR_DATA_ACQUISITION,"Minimum Utility AI identity, description, type, unit, alarm, scaling, or historian field",COMMON_EXACT_VAREXP_COL_163,Recorder,Recorder,Recorder,Recorder,Recorder
VAREXP_COL_164,164,MaskExpressionBranch,KNOWN_COMMON_HEADER,EXCLUDED_SENSITIVE,"Communication, address, endpoint, source-system, station, or control-expression metadata excluded from initial Pilot",COMMON_EXACT_VAREXP_COL_164,MaskExpressionBranch,MaskExpressionBranch,MaskExpressionBranch,MaskExpressionBranch,MaskExpressionBranch
VAREXP_COL_165,165,MaskExpressionTemplate,KNOWN_COMMON_HEADER,EXCLUDED_SENSITIVE,"Communication, address, endpoint, source-system, station, or control-expression metadata excluded from initial Pilot",COMMON_EXACT_VAREXP_COL_165,MaskExpressionTemplate,MaskExpressionTemplate,MaskExpressionTemplate,MaskExpressionTemplate,MaskExpressionTemplate
VAREXP_COL_166,166,MessageAlarm,KNOWN_COMMON_HEADER,APPROVED_FOR_DATA_ACQUISITION,"Minimum Utility AI identity, description, type, unit, alarm, scaling, or historian field",COMMON_EXACT_VAREXP_COL_166,MessageAlarm,MessageAlarm,MessageAlarm,MessageAlarm,MessageAlarm
VAREXP_COL_167,167,VAREXP_COL_167,RESERVED_CANDIDATE_UNCONFIRMED,EXCLUDED_SCHEMA_UNCERTAIN,Empty positional field; reserved status unconfirmed,EMPTY_POSITION_VAREXP_COL_167,,,,,
VAREXP_COL_168,168,VAREXP_COL_168,RESERVED_CANDIDATE_UNCONFIRMED,EXCLUDED_SCHEMA_UNCERTAIN,Empty positional field; reserved status unconfirmed,EMPTY_POSITION_VAREXP_COL_168,,,,,
VAREXP_COL_169,169,BACnet_NetworkName,KNOWN_COMMON_HEADER,EXCLUDED_SENSITIVE,"Communication, address, endpoint, source-system, station, or control-expression metadata excluded from initial Pilot",COMMON_EXACT_VAREXP_COL_169,BACnet_NetworkName,BACnet_NetworkName,BACnet_NetworkName,BACnet_NetworkName,BACnet_NetworkName
VAREXP_COL_170,170,BACnet_DeviceName,KNOWN_COMMON_HEADER,EXCLUDED_SENSITIVE,"Communication, address, endpoint, source-system, station, or control-expression metadata excluded from initial Pilot",COMMON_EXACT_VAREXP_COL_170,BACnet_DeviceName,BACnet_DeviceName,BACnet_DeviceName,BACnet_DeviceName,BACnet_DeviceName
VAREXP_COL_171,171,BACnet_ObjectType,KNOWN_COMMON_HEADER,EXCLUDED_SENSITIVE,"Communication, address, endpoint, source-system, station, or control-expression metadata excluded from initial Pilot",COMMON_EXACT_VAREXP_COL_171,BACnet_ObjectType,BACnet_ObjectType,BACnet_ObjectType,BACnet_ObjectType,BACnet_ObjectType
VAREXP_COL_172,172,BACnet_ObjectInstance,KNOWN_COMMON_HEADER,EXCLUDED_SENSITIVE,"Communication, address, endpoint, source-system, station, or control-expression metadata excluded from initial Pilot",COMMON_EXACT_VAREXP_COL_172,BACnet_ObjectInstance,BACnet_ObjectInstance,BACnet_ObjectInstance,BACnet_ObjectInstance,BACnet_ObjectInstance
VAREXP_COL_173,173,BACnet_Property,KNOWN_COMMON_HEADER,EXCLUDED_SENSITIVE,"Communication, address, endpoint, source-system, station, or control-expression metadata excluded from initial Pilot",COMMON_EXACT_VAREXP_COL_173,BACnet_Property,BACnet_Property,BACnet_Property,BACnet_Property,BACnet_Property
VAREXP_COL_174,174,BACnet_Fields,KNOWN_COMMON_HEADER,EXCLUDED_SENSITIVE,"Communication, address, endpoint, source-system, station, or control-expression metadata excluded from initial Pilot",COMMON_EXACT_VAREXP_COL_174,BACnet_Fields,BACnet_Fields,BACnet_Fields,BACnet_Fields,BACnet_Fields
VAREXP_COL_175,175,BACnet_PollingPeriod,KNOWN_COMMON_HEADER,EXCLUDED_SENSITIVE,"Communication, address, endpoint, source-system, station, or control-expression metadata excluded from initial Pilot",COMMON_EXACT_VAREXP_COL_175,BACnet_PollingPeriod,BACnet_PollingPeriod,BACnet_PollingPeriod,BACnet_PollingPeriod,BACnet_PollingPeriod
VAREXP_COL_176,176,BACnet_MonitoringType,KNOWN_COMMON_HEADER,EXCLUDED_SENSITIVE,"Communication, address, endpoint, source-system, station, or control-expression metadata excluded from initial Pilot",COMMON_EXACT_VAREXP_COL_176,BACnet_MonitoringType,BACnet_MonitoringType,BACnet_MonitoringType,BACnet_MonitoringType,BACnet_MonitoringType
VAREXP_COL_177,177,BACnet_Priority,KNOWN_COMMON_HEADER,EXCLUDED_SENSITIVE,"Communication, address, endpoint, source-system, station, or control-expression metadata excluded from initial Pilot",COMMON_EXACT_VAREXP_COL_177,BACnet_Priority,BACnet_Priority,BACnet_Priority,BACnet_Priority,BACnet_Priority
VAREXP_COL_178,178,BACnet_Type,KNOWN_COMMON_HEADER,EXCLUDED_SENSITIVE,"Communication, address, endpoint, source-system, station, or control-expression metadata excluded from initial Pilot",COMMON_EXACT_VAREXP_COL_178,BACnet_Type,BACnet_Type,BACnet_Type,BACnet_Type,BACnet_Type
VAREXP_COL_179,179,VAREXP_COL_179,RESERVED_CANDIDATE_UNCONFIRMED,EXCLUDED_SCHEMA_UNCERTAIN,Empty positional field; reserved status unconfirmed,EMPTY_POSITION_VAREXP_COL_179,,,,,
VAREXP_COL_180,180,BrowsingLevel,KNOWN_COMMON_HEADER,METADATA_ONLY,Retain only as schema/provenance metadata; not an initial Utility AI value field,COMMON_EXACT_VAREXP_COL_180,BrowsingLevel,BrowsingLevel,BrowsingLevel,BrowsingLevel,BrowsingLevel
VAREXP_COL_181,181,AlarmAcknowledgmentLevel,KNOWN_COMMON_HEADER,APPROVED_FOR_DATA_ACQUISITION,"Minimum Utility AI identity, description, type, unit, alarm, scaling, or historian field",COMMON_EXACT_VAREXP_COL_181,AlarmAcknowledgmentLevel,AlarmAcknowledgmentLevel,AlarmAcknowledgmentLevel,AlarmAcknowledgmentLevel,AlarmAcknowledgmentLevel
VAREXP_COL_182,182,AlarmMaskLevel,KNOWN_COMMON_HEADER,APPROVED_FOR_DATA_ACQUISITION,"Minimum Utility AI identity, description, type, unit, alarm, scaling, or historian field",COMMON_EXACT_VAREXP_COL_182,AlarmMaskLevel,AlarmMaskLevel,AlarmMaskLevel,AlarmMaskLevel,AlarmMaskLevel
VAREXP_COL_183,183,AlarmMaintenanceLevel,KNOWN_COMMON_HEADER,APPROVED_FOR_DATA_ACQUISITION,"Minimum Utility AI identity, description, type, unit, alarm, scaling, or historian field",COMMON_EXACT_VAREXP_COL_183,AlarmMaintenanceLevel,AlarmMaintenanceLevel,AlarmMaintenanceLevel,AlarmMaintenanceLevel,AlarmMaintenanceLevel
VAREXP_COL_184,184,WithInitialValue,CASE_ONLY_VARIANT,APPROVED_FOR_DATA_ACQUISITION,"Minimum Utility AI identity, description, type, unit, alarm, scaling, or historian field",CASE_ALIAS_VAREXP_COL_184,WithInitialValue,WithInitialvalue,WithInitialValue,WithInitialValue,WithInitialvalue
VAREXP_COL_185,185,InitialValue,CASE_ONLY_VARIANT,APPROVED_FOR_DATA_ACQUISITION,"Minimum Utility AI identity, description, type, unit, alarm, scaling, or historian field",CASE_ALIAS_VAREXP_COL_185,InitialValue,Initialvalue,InitialValue,InitialValue,Initialvalue
VAREXP_COL_186,186,104_NetworkName,KNOWN_COMMON_HEADER,EXCLUDED_SENSITIVE,"Communication, address, endpoint, source-system, station, or control-expression metadata excluded from initial Pilot",COMMON_EXACT_VAREXP_COL_186,104_NetworkName,104_NetworkName,104_NetworkName,104_NetworkName,104_NetworkName
VAREXP_COL_187,187,104_DeviceName,KNOWN_COMMON_HEADER,EXCLUDED_SENSITIVE,"Communication, address, endpoint, source-system, station, or control-expression metadata excluded from initial Pilot",COMMON_EXACT_VAREXP_COL_187,104_DeviceName,104_DeviceName,104_DeviceName,104_DeviceName,104_DeviceName
VAREXP_COL_188,188,104_SectorName,KNOWN_COMMON_HEADER,EXCLUDED_SENSITIVE,"Communication, address, endpoint, source-system, station, or control-expression metadata excluded from initial Pilot",COMMON_EXACT_VAREXP_COL_188,104_SectorName,104_SectorName,104_SectorName,104_SectorName,104_SectorName
VAREXP_COL_189,189,104_IOA,KNOWN_COMMON_HEADER,EXCLUDED_SENSITIVE,"Communication, address, endpoint, source-system, station, or control-expression metadata excluded from initial Pilot",COMMON_EXACT_VAREXP_COL_189,104_IOA,104_IOA,104_IOA,104_IOA,104_IOA
VAREXP_COL_190,190,104_Type,KNOWN_COMMON_HEADER,EXCLUDED_SENSITIVE,"Communication, address, endpoint, source-system, station, or control-expression metadata excluded from initial Pilot",COMMON_EXACT_VAREXP_COL_190,104_Type,104_Type,104_Type,104_Type,104_Type
VAREXP_COL_191,191,104_WriteIOA,KNOWN_COMMON_HEADER,EXCLUDED_SENSITIVE,"Communication, address, endpoint, source-system, station, or control-expression metadata excluded from initial Pilot",COMMON_EXACT_VAREXP_COL_191,104_WriteIOA,104_WriteIOA,104_WriteIOA,104_WriteIOA,104_WriteIOA
VAREXP_COL_192,192,104_SBO,KNOWN_COMMON_HEADER,EXCLUDED_SENSITIVE,"Communication, address, endpoint, source-system, station, or control-expression metadata excluded from initial Pilot",COMMON_EXACT_VAREXP_COL_192,104_SBO,104_SBO,104_SBO,104_SBO,104_SBO
VAREXP_COL_193,193,104_QLorQU,KNOWN_COMMON_HEADER,EXCLUDED_SENSITIVE,"Communication, address, endpoint, source-system, station, or control-expression metadata excluded from initial Pilot",COMMON_EXACT_VAREXP_COL_193,104_QLorQU,104_QLorQU,104_QLorQU,104_QLorQU,104_QLorQU
VAREXP_COL_194,194,104_WriteTimeTag,KNOWN_COMMON_HEADER,EXCLUDED_SENSITIVE,"Communication, address, endpoint, source-system, station, or control-expression metadata excluded from initial Pilot",COMMON_EXACT_VAREXP_COL_194,104_WriteTimeTag,104_WriteTimeTag,104_WriteTimeTag,104_WriteTimeTag,104_WriteTimeTag
VAREXP_COL_195,195,104_MappingBit,KNOWN_COMMON_HEADER,EXCLUDED_SENSITIVE,"Communication, address, endpoint, source-system, station, or control-expression metadata excluded from initial Pilot",COMMON_EXACT_VAREXP_COL_195,104_MappingBit,104_MappingBit,104_MappingBit,104_MappingBit,104_MappingBit
VAREXP_COL_196,196,IEC61850_MappingType,KNOWN_COMMON_HEADER,EXCLUDED_SENSITIVE,"Communication, address, endpoint, source-system, station, or control-expression metadata excluded from initial Pilot",COMMON_EXACT_VAREXP_COL_196,IEC61850_MappingType,IEC61850_MappingType,IEC61850_MappingType,IEC61850_MappingType,IEC61850_MappingType
VAREXP_COL_197,197,IEC61850_Network,KNOWN_COMMON_HEADER,EXCLUDED_SENSITIVE,"Communication, address, endpoint, source-system, station, or control-expression metadata excluded from initial Pilot",COMMON_EXACT_VAREXP_COL_197,IEC61850_Network,IEC61850_Network,IEC61850_Network,IEC61850_Network,IEC61850_Network
VAREXP_COL_198,198,IEC61850_PhysicalDevice,KNOWN_COMMON_HEADER,EXCLUDED_SENSITIVE,"Communication, address, endpoint, source-system, station, or control-expression metadata excluded from initial Pilot",COMMON_EXACT_VAREXP_COL_198,IEC61850_PhysicalDevice,IEC61850_PhysicalDevice,IEC61850_PhysicalDevice,IEC61850_PhysicalDevice,IEC61850_PhysicalDevice
VAREXP_COL_199,199,IEC61850_DataGroup,KNOWN_COMMON_HEADER,EXCLUDED_SENSITIVE,"Communication, address, endpoint, source-system, station, or control-expression metadata excluded from initial Pilot",COMMON_EXACT_VAREXP_COL_199,IEC61850_DataGroup,IEC61850_DataGroup,IEC61850_DataGroup,IEC61850_DataGroup,IEC61850_DataGroup
VAREXP_COL_200,200,IEC61850_DataGroupMember,KNOWN_COMMON_HEADER,EXCLUDED_SENSITIVE,"Communication, address, endpoint, source-system, station, or control-expression metadata excluded from initial Pilot",COMMON_EXACT_VAREXP_COL_200,IEC61850_DataGroupMember,IEC61850_DataGroupMember,IEC61850_DataGroupMember,IEC61850_DataGroupMember,IEC61850_DataGroupMember
VAREXP_COL_201,201,IEC61850_DataGroupMemberField,KNOWN_COMMON_HEADER,EXCLUDED_SENSITIVE,"Communication, address, endpoint, source-system, station, or control-expression metadata excluded from initial Pilot",COMMON_EXACT_VAREXP_COL_201,IEC61850_DataGroupMemberField,IEC61850_DataGroupMemberField,IEC61850_DataGroupMemberField,IEC61850_DataGroupMemberField,IEC61850_DataGroupMemberField
VAREXP_COL_202,202,VAREXP_COL_202,RESERVED_CANDIDATE_UNCONFIRMED,EXCLUDED_SCHEMA_UNCERTAIN,Empty positional field; reserved status unconfirmed,EMPTY_POSITION_VAREXP_COL_202,,,,,
VAREXP_COL_203,203,IEC61850_CommonDataClass,KNOWN_COMMON_HEADER,EXCLUDED_SENSITIVE,"Communication, address, endpoint, source-system, station, or control-expression metadata excluded from initial Pilot",COMMON_EXACT_VAREXP_COL_203,IEC61850_CommonDataClass,IEC61850_CommonDataClass,IEC61850_CommonDataClass,IEC61850_CommonDataClass,IEC61850_CommonDataClass
VAREXP_COL_204,204,IEC61850_ControlModel,KNOWN_COMMON_HEADER,EXCLUDED_SENSITIVE,"Communication, address, endpoint, source-system, station, or control-expression metadata excluded from initial Pilot",COMMON_EXACT_VAREXP_COL_204,IEC61850_ControlModel,IEC61850_ControlModel,IEC61850_ControlModel,IEC61850_ControlModel,IEC61850_ControlModel
VAREXP_COL_205,205,IEC61850_NotUseTimeStamp,KNOWN_COMMON_HEADER,EXCLUDED_SENSITIVE,"Communication, address, endpoint, source-system, station, or control-expression metadata excluded from initial Pilot",COMMON_EXACT_VAREXP_COL_205,IEC61850_NotUseTimeStamp,IEC61850_NotUseTimeStamp,IEC61850_NotUseTimeStamp,IEC61850_NotUseTimeStamp,IEC61850_NotUseTimeStamp
VAREXP_COL_206,206,IEC61850_NotUseQuality,KNOWN_COMMON_HEADER,EXCLUDED_SENSITIVE,"Communication, address, endpoint, source-system, station, or control-expression metadata excluded from initial Pilot",COMMON_EXACT_VAREXP_COL_206,IEC61850_NotUseQuality,IEC61850_NotUseQuality,IEC61850_NotUseQuality,IEC61850_NotUseQuality,IEC61850_NotUseQuality
VAREXP_COL_207,207,VAREXP_COL_207,RESERVED_CANDIDATE_UNCONFIRMED,EXCLUDED_SCHEMA_UNCERTAIN,Empty positional field; reserved status unconfirmed,EMPTY_POSITION_VAREXP_COL_207,,,,,
VAREXP_COL_208,208,VAREXP_COL_208,RESERVED_CANDIDATE_UNCONFIRMED,EXCLUDED_SCHEMA_UNCERTAIN,Empty positional field; reserved status unconfirmed,EMPTY_POSITION_VAREXP_COL_208,,,,,
VAREXP_COL_209,209,VAREXP_COL_209,RESERVED_CANDIDATE_UNCONFIRMED,EXCLUDED_SCHEMA_UNCERTAIN,Empty positional field; reserved status unconfirmed,EMPTY_POSITION_VAREXP_COL_209,,,,,
VAREXP_COL_210,210,BACnet_EDEFileName,KNOWN_COMMON_HEADER,EXCLUDED_SENSITIVE,"Communication, address, endpoint, source-system, station, or control-expression metadata excluded from initial Pilot",COMMON_EXACT_VAREXP_COL_210,BACnet_EDEFileName,BACnet_EDEFileName,BACnet_EDEFileName,BACnet_EDEFileName,BACnet_EDEFileName
VAREXP_COL_211,211,BACnet_EDEKeyname,KNOWN_COMMON_HEADER,EXCLUDED_SENSITIVE,"Communication, address, endpoint, source-system, station, or control-expression metadata excluded from initial Pilot",COMMON_EXACT_VAREXP_COL_211,BACnet_EDEKeyname,BACnet_EDEKeyname,BACnet_EDEKeyname,BACnet_EDEKeyname,BACnet_EDEKeyname
VAREXP_COL_212,212,104_Signed,KNOWN_COMMON_HEADER,EXCLUDED_SENSITIVE,"Communication, address, endpoint, source-system, station, or control-expression metadata excluded from initial Pilot",COMMON_EXACT_VAREXP_COL_212,104_Signed,104_Signed,104_Signed,104_Signed,104_Signed
VAREXP_COL_213,213,VAREXP_COL_213,RESERVED_CANDIDATE_UNCONFIRMED,EXCLUDED_SCHEMA_UNCERTAIN,Empty positional field; reserved status unconfirmed,EMPTY_POSITION_VAREXP_COL_213,,,,,
VAREXP_COL_214,214,VAREXP_COL_214,RESERVED_CANDIDATE_UNCONFIRMED,EXCLUDED_SCHEMA_UNCERTAIN,Empty positional field; reserved status unconfirmed,EMPTY_POSITION_VAREXP_COL_214,,,,,
VAREXP_COL_215,215,VAREXP_COL_215,RESERVED_CANDIDATE_UNCONFIRMED,EXCLUDED_SCHEMA_UNCERTAIN,Empty positional field; reserved status unconfirmed,EMPTY_POSITION_VAREXP_COL_215,,,,,
VAREXP_COL_216,216,VAREXP_COL_216,RESERVED_CANDIDATE_UNCONFIRMED,EXCLUDED_SCHEMA_UNCERTAIN,Empty positional field; reserved status unconfirmed,EMPTY_POSITION_VAREXP_COL_216,,,,,
VAREXP_COL_217,217,VAREXP_COL_217,RESERVED_CANDIDATE_UNCONFIRMED,EXCLUDED_SCHEMA_UNCERTAIN,Empty positional field; reserved status unconfirmed,EMPTY_POSITION_VAREXP_COL_217,,,,,
VAREXP_COL_218,218,VAREXP_COL_218,RESERVED_CANDIDATE_UNCONFIRMED,EXCLUDED_SCHEMA_UNCERTAIN,Empty positional field; reserved status unconfirmed,EMPTY_POSITION_VAREXP_COL_218,,,,,
VAREXP_COL_219,219,VAREXP_COL_219,RESERVED_CANDIDATE_UNCONFIRMED,EXCLUDED_SCHEMA_UNCERTAIN,Empty positional field; reserved status unconfirmed,EMPTY_POSITION_VAREXP_COL_219,,,,,
VAREXP_COL_220,220,VAREXP_COL_220,RESERVED_CANDIDATE_UNCONFIRMED,EXCLUDED_SCHEMA_UNCERTAIN,Empty positional field; reserved status unconfirmed,EMPTY_POSITION_VAREXP_COL_220,,,,,
VAREXP_COL_221,221,VAREXP_COL_221,RESERVED_CANDIDATE_UNCONFIRMED,EXCLUDED_SCHEMA_UNCERTAIN,Empty positional field; reserved status unconfirmed,EMPTY_POSITION_VAREXP_COL_221,,,,,
VAREXP_COL_222,222,VAREXP_COL_222,RESERVED_CANDIDATE_UNCONFIRMED,EXCLUDED_SCHEMA_UNCERTAIN,Empty positional field; reserved status unconfirmed,EMPTY_POSITION_VAREXP_COL_222,,,,,
VAREXP_COL_223,223,VAREXP_COL_223,RESERVED_CANDIDATE_UNCONFIRMED,EXCLUDED_SCHEMA_UNCERTAIN,Empty positional field; reserved status unconfirmed,EMPTY_POSITION_VAREXP_COL_223,,,,,
VAREXP_COL_224,224,BACnet_VarType,KNOWN_COMMON_HEADER,EXCLUDED_SENSITIVE,"Communication, address, endpoint, source-system, station, or control-expression metadata excluded from initial Pilot",COMMON_EXACT_VAREXP_COL_224,BACnet_VarType,BACnet_VarType,BACnet_VarType,BACnet_VarType,BACnet_VarType
VAREXP_COL_225,225,BACnet_AlarmType,KNOWN_COMMON_HEADER,EXCLUDED_SENSITIVE,"Communication, address, endpoint, source-system, station, or control-expression metadata excluded from initial Pilot",COMMON_EXACT_VAREXP_COL_225,BACnet_AlarmType,BACnet_AlarmType,BACnet_AlarmType,BACnet_AlarmType,BACnet_AlarmType
VAREXP_COL_226,226,VAREXP_COL_226,RESERVED_CANDIDATE_UNCONFIRMED,EXCLUDED_SCHEMA_UNCERTAIN,Empty positional field; reserved status unconfirmed,EMPTY_POSITION_VAREXP_COL_226,,,,,
VAREXP_COL_227,227,VAREXP_COL_227,RESERVED_CANDIDATE_UNCONFIRMED,EXCLUDED_SCHEMA_UNCERTAIN,Empty positional field; reserved status unconfirmed,EMPTY_POSITION_VAREXP_COL_227,,,,,
VAREXP_COL_228,228,VAREXP_COL_228,RESERVED_CANDIDATE_UNCONFIRMED,EXCLUDED_SCHEMA_UNCERTAIN,Empty positional field; reserved status unconfirmed,EMPTY_POSITION_VAREXP_COL_228,,,,,
VAREXP_COL_229,229,VAREXP_COL_229,RESERVED_CANDIDATE_UNCONFIRMED,EXCLUDED_SCHEMA_UNCERTAIN,Empty positional field; reserved status unconfirmed,EMPTY_POSITION_VAREXP_COL_229,,,,,
VAREXP_COL_230,230,VAREXP_COL_230,RESERVED_CANDIDATE_UNCONFIRMED,EXCLUDED_SCHEMA_UNCERTAIN,Empty positional field; reserved status unconfirmed,EMPTY_POSITION_VAREXP_COL_230,,,,,
VAREXP_COL_231,231,VAREXP_COL_231,RESERVED_CANDIDATE_UNCONFIRMED,EXCLUDED_SCHEMA_UNCERTAIN,Empty positional field; reserved status unconfirmed,EMPTY_POSITION_VAREXP_COL_231,,,,,
VAREXP_COL_232,232,VAREXP_COL_232,RESERVED_CANDIDATE_UNCONFIRMED,EXCLUDED_SCHEMA_UNCERTAIN,Empty positional field; reserved status unconfirmed,EMPTY_POSITION_VAREXP_COL_232,,,,,
VAREXP_COL_233,233,VAREXP_COL_233,RESERVED_CANDIDATE_UNCONFIRMED,EXCLUDED_SCHEMA_UNCERTAIN,Empty positional field; reserved status unconfirmed,EMPTY_POSITION_VAREXP_COL_233,,,,,
VAREXP_COL_234,234,VAREXP_COL_234,RESERVED_CANDIDATE_UNCONFIRMED,EXCLUDED_SCHEMA_UNCERTAIN,Empty positional field; reserved status unconfirmed,EMPTY_POSITION_VAREXP_COL_234,,,,,
VAREXP_COL_235,235,VAREXP_COL_235,RESERVED_CANDIDATE_UNCONFIRMED,EXCLUDED_SCHEMA_UNCERTAIN,Empty positional field; reserved status unconfirmed,EMPTY_POSITION_VAREXP_COL_235,,,,,
VAREXP_COL_236,236,SNMP_NetworkName,KNOWN_COMMON_HEADER,EXCLUDED_SENSITIVE,"Communication, address, endpoint, source-system, station, or control-expression metadata excluded from initial Pilot",COMMON_EXACT_VAREXP_COL_236,SNMP_NetworkName,SNMP_NetworkName,SNMP_NetworkName,SNMP_NetworkName,SNMP_NetworkName
VAREXP_COL_237,237,SNMP_DeviceName,KNOWN_COMMON_HEADER,EXCLUDED_SENSITIVE,"Communication, address, endpoint, source-system, station, or control-expression metadata excluded from initial Pilot",COMMON_EXACT_VAREXP_COL_237,SNMP_DeviceName,SNMP_DeviceName,SNMP_DeviceName,SNMP_DeviceName,SNMP_DeviceName
VAREXP_COL_238,238,SNMP_ScanGroupName,KNOWN_COMMON_HEADER,EXCLUDED_SENSITIVE,"Communication, address, endpoint, source-system, station, or control-expression metadata excluded from initial Pilot",COMMON_EXACT_VAREXP_COL_238,SNMP_ScanGroupName,SNMP_ScanGroupName,SNMP_ScanGroupName,SNMP_ScanGroupName,SNMP_ScanGroupName
VAREXP_COL_239,239,SNMP_DataType,KNOWN_COMMON_HEADER,EXCLUDED_SENSITIVE,"Communication, address, endpoint, source-system, station, or control-expression metadata excluded from initial Pilot",COMMON_EXACT_VAREXP_COL_239,SNMP_DataType,SNMP_DataType,SNMP_DataType,SNMP_DataType,SNMP_DataType
VAREXP_COL_240,240,SNMP_OID,KNOWN_COMMON_HEADER,EXCLUDED_SENSITIVE,"Communication, address, endpoint, source-system, station, or control-expression metadata excluded from initial Pilot",COMMON_EXACT_VAREXP_COL_240,SNMP_OID,SNMP_OID,SNMP_OID,SNMP_OID,SNMP_OID
VAREXP_COL_241,241,SNMP_DisableReading,KNOWN_COMMON_HEADER,EXCLUDED_SENSITIVE,"Communication, address, endpoint, source-system, station, or control-expression metadata excluded from initial Pilot",COMMON_EXACT_VAREXP_COL_241,SNMP_DisableReading,SNMP_DisableReading,SNMP_DisableReading,SNMP_DisableReading,SNMP_DisableReading
VAREXP_COL_242,242,SNMP_WithInitialValue,CASE_ONLY_VARIANT,EXCLUDED_SENSITIVE,"Communication, address, endpoint, source-system, station, or control-expression metadata excluded from initial Pilot",CASE_ALIAS_VAREXP_COL_242,SNMP_WithInitialValue,SNMP_WithInitialvalue,SNMP_WithInitialValue,SNMP_WithInitialValue,SNMP_WithInitialvalue
VAREXP_COL_243,243,SNMP_InitialValue,CASE_ONLY_VARIANT,EXCLUDED_SENSITIVE,"Communication, address, endpoint, source-system, station, or control-expression metadata excluded from initial Pilot",CASE_ALIAS_VAREXP_COL_243,SNMP_InitialValue,SNMP_Initialvalue,SNMP_InitialValue,SNMP_InitialValue,SNMP_Initialvalue
VAREXP_COL_244,244,SNMP_Offset,KNOWN_COMMON_HEADER,EXCLUDED_SENSITIVE,"Communication, address, endpoint, source-system, station, or control-expression metadata excluded from initial Pilot",COMMON_EXACT_VAREXP_COL_244,SNMP_Offset,SNMP_Offset,SNMP_Offset,SNMP_Offset,SNMP_Offset
VAREXP_COL_245,245,SNMP_ExtractionField,KNOWN_COMMON_HEADER,EXCLUDED_SENSITIVE,"Communication, address, endpoint, source-system, station, or control-expression metadata excluded from initial Pilot",COMMON_EXACT_VAREXP_COL_245,SNMP_ExtractionField,SNMP_ExtractionField,SNMP_ExtractionField,SNMP_ExtractionField,SNMP_ExtractionField
VAREXP_COL_246,246,SNMP_RemoveNoPrintableCharacters,KNOWN_COMMON_HEADER,EXCLUDED_SENSITIVE,"Communication, address, endpoint, source-system, station, or control-expression metadata excluded from initial Pilot",COMMON_EXACT_VAREXP_COL_246,SNMP_RemoveNoPrintableCharacters,SNMP_RemoveNoPrintableCharacters,SNMP_RemoveNoPrintableCharacters,SNMP_RemoveNoPrintableCharacters,SNMP_RemoveNoPrintableCharacters
VAREXP_COL_247,247,VAREXP_COL_247,RESERVED_CANDIDATE_UNCONFIRMED,EXCLUDED_SCHEMA_UNCERTAIN,Empty positional field; reserved status unconfirmed,EMPTY_POSITION_VAREXP_COL_247,,,,,
VAREXP_COL_248,248,VAREXP_COL_248,RESERVED_CANDIDATE_UNCONFIRMED,EXCLUDED_SCHEMA_UNCERTAIN,Empty positional field; reserved status unconfirmed,EMPTY_POSITION_VAREXP_COL_248,,,,,
VAREXP_COL_249,249,VAREXP_COL_249,RESERVED_CANDIDATE_UNCONFIRMED,EXCLUDED_SCHEMA_UNCERTAIN,Empty positional field; reserved status unconfirmed,EMPTY_POSITION_VAREXP_COL_249,,,,,
VAREXP_COL_250,250,VAREXP_COL_250,RESERVED_CANDIDATE_UNCONFIRMED,EXCLUDED_SCHEMA_UNCERTAIN,Empty positional field; reserved status unconfirmed,EMPTY_POSITION_VAREXP_COL_250,,,,,
VAREXP_COL_251,251,VAREXP_COL_251,RESERVED_CANDIDATE_UNCONFIRMED,EXCLUDED_SCHEMA_UNCERTAIN,Empty positional field; reserved status unconfirmed,EMPTY_POSITION_VAREXP_COL_251,,,,,
VAREXP_COL_252,252,104_ReadTimeTag,KNOWN_COMMON_HEADER,EXCLUDED_SENSITIVE,"Communication, address, endpoint, source-system, station, or control-expression metadata excluded from initial Pilot",COMMON_EXACT_VAREXP_COL_252,104_ReadTimeTag,104_ReadTimeTag,104_ReadTimeTag,104_ReadTimeTag,104_ReadTimeTag
VAREXP_COL_253,253,VAREXP_COL_253,RESERVED_CANDIDATE_UNCONFIRMED,EXCLUDED_SCHEMA_UNCERTAIN,Empty positional field; reserved status unconfirmed,EMPTY_POSITION_VAREXP_COL_253,,,,,
VAREXP_COL_254,254,VAREXP_COL_254,RESERVED_CANDIDATE_UNCONFIRMED,EXCLUDED_SCHEMA_UNCERTAIN,Empty positional field; reserved status unconfirmed,EMPTY_POSITION_VAREXP_COL_254,,,,,
VAREXP_COL_255,255,VAREXP_COL_255,RESERVED_CANDIDATE_UNCONFIRMED,EXCLUDED_SCHEMA_UNCERTAIN,Empty positional field; reserved status unconfirmed,EMPTY_POSITION_VAREXP_COL_255,,,,,
VAREXP_COL_256,256,VAREXP_COL_256,RESERVED_CANDIDATE_UNCONFIRMED,EXCLUDED_SCHEMA_UNCERTAIN,Empty positional field; reserved status unconfirmed,EMPTY_POSITION_VAREXP_COL_256,,,,,
VAREXP_COL_257,257,OPCUA_NetworkName,KNOWN_COMMON_HEADER,EXCLUDED_SENSITIVE,"Communication, address, endpoint, source-system, station, or control-expression metadata excluded from initial Pilot",COMMON_EXACT_VAREXP_COL_257,OPCUA_NetworkName,OPCUA_NetworkName,OPCUA_NetworkName,OPCUA_NetworkName,OPCUA_NetworkName
VAREXP_COL_258,258,OPCUA_ClientName,KNOWN_COMMON_HEADER,EXCLUDED_SENSITIVE,"Communication, address, endpoint, source-system, station, or control-expression metadata excluded from initial Pilot",COMMON_EXACT_VAREXP_COL_258,OPCUA_ClientName,OPCUA_ClientName,OPCUA_ClientName,OPCUA_ClientName,OPCUA_ClientName
VAREXP_COL_259,259,OPCUA_MonitoringName,KNOWN_COMMON_HEADER,EXCLUDED_SENSITIVE,"Communication, address, endpoint, source-system, station, or control-expression metadata excluded from initial Pilot",COMMON_EXACT_VAREXP_COL_259,OPCUA_MonitoringName,OPCUA_MonitoringName,OPCUA_MonitoringName,OPCUA_MonitoringName,OPCUA_MonitoringName
VAREXP_COL_260,260,OPCUA_Identifier,KNOWN_COMMON_HEADER,EXCLUDED_SENSITIVE,"Communication, address, endpoint, source-system, station, or control-expression metadata excluded from initial Pilot",COMMON_EXACT_VAREXP_COL_260,OPCUA_Identifier,OPCUA_Identifier,OPCUA_Identifier,OPCUA_Identifier,OPCUA_Identifier
VAREXP_COL_261,261,OPCUA_IdentifierType,KNOWN_COMMON_HEADER,EXCLUDED_SENSITIVE,"Communication, address, endpoint, source-system, station, or control-expression metadata excluded from initial Pilot",COMMON_EXACT_VAREXP_COL_261,OPCUA_IdentifierType,OPCUA_IdentifierType,OPCUA_IdentifierType,OPCUA_IdentifierType,OPCUA_IdentifierType
VAREXP_COL_262,262,OPCUA_NamespaceIndex,KNOWN_COMMON_HEADER,EXCLUDED_SENSITIVE,"Communication, address, endpoint, source-system, station, or control-expression metadata excluded from initial Pilot",COMMON_EXACT_VAREXP_COL_262,OPCUA_NamespaceIndex,OPCUA_NamespaceIndex,OPCUA_NamespaceIndex,OPCUA_NamespaceIndex,OPCUA_NamespaceIndex
