PositionalColumnId,Position,CandidateHeader,UtilityAIRole,AcquisitionDecision,PilotAction,ProvenanceRequirement,Reason
VAREXP_COL_001,1,Class,TAG_IDENTIFIER,APPROVED_FOR_DATA_ACQUISITION,INCLUDE,SOURCE_SPECIFIC_ORIGINAL_HEADER_REQUIRED,"Minimum Utility AI identity, description, type, unit, alarm, scaling, or historian field"
VAREXP_COL_002,2,Tagname,TAG_IDENTIFIER,APPROVED_FOR_DATA_ACQUISITION,INCLUDE,SOURCE_SPECIFIC_ORIGINAL_HEADER_REQUIRED,"Minimum Utility AI identity, description, type, unit, alarm, scaling, or historian field"
VAREXP_COL_003,3,VAREXP_COL_003,EQUIPMENT_HIERARCHY,EXCLUDED_SCHEMA_UNCERTAIN,EXCLUDE,SOURCE_SPECIFIC_ORIGINAL_HEADER_REQUIRED,Qualifier meaning not approved for automatic use
VAREXP_COL_004,4,VAREXP_COL_004,EQUIPMENT_HIERARCHY,EXCLUDED_SCHEMA_UNCERTAIN,EXCLUDE,SOURCE_SPECIFIC_ORIGINAL_HEADER_REQUIRED,Qualifier meaning not approved for automatic use
VAREXP_COL_005,5,VAREXP_COL_005,EQUIPMENT_HIERARCHY,EXCLUDED_SCHEMA_UNCERTAIN,EXCLUDE,SOURCE_SPECIFIC_ORIGINAL_HEADER_REQUIRED,Qualifier meaning not approved for automatic use
VAREXP_COL_006,6,VAREXP_COL_006,EQUIPMENT_HIERARCHY,EXCLUDED_SCHEMA_UNCERTAIN,EXCLUDE,SOURCE_SPECIFIC_ORIGINAL_HEADER_REQUIRED,Qualifier meaning not approved for automatic use
VAREXP_COL_007,7,VAREXP_COL_007,EQUIPMENT_HIERARCHY,EXCLUDED_SCHEMA_UNCERTAIN,EXCLUDE,SOURCE_SPECIFIC_ORIGINAL_HEADER_REQUIRED,Qualifier meaning not approved for automatic use
VAREXP_COL_008,8,VAREXP_COL_008,EQUIPMENT_HIERARCHY,EXCLUDED_SCHEMA_UNCERTAIN,EXCLUDE,SOURCE_SPECIFIC_ORIGINAL_HEADER_REQUIRED,Qualifier meaning not approved for automatic use
VAREXP_COL_009,9,VAREXP_COL_009,EQUIPMENT_HIERARCHY,EXCLUDED_SCHEMA_UNCERTAIN,EXCLUDE,SOURCE_SPECIFIC_ORIGINAL_HEADER_REQUIRED,Qualifier meaning not approved for automatic use
VAREXP_COL_010,10,n8,EQUIPMENT_HIERARCHY,METADATA_ONLY,EXCLUDE,SOURCE_SPECIFIC_ORIGINAL_HEADER_REQUIRED,Retain only as schema/provenance metadata; not an initial Utility AI value field
VAREXP_COL_011,11,n9,EQUIPMENT_HIERARCHY,METADATA_ONLY,EXCLUDE,SOURCE_SPECIFIC_ORIGINAL_HEADER_REQUIRED,Retain only as schema/provenance metadata; not an initial Utility AI value field
VAREXP_COL_012,12,n10,EQUIPMENT_HIERARCHY,METADATA_ONLY,EXCLUDE,SOURCE_SPECIFIC_ORIGINAL_HEADER_REQUIRED,Retain only as schema/provenance metadata; not an initial Utility AI value field
VAREXP_COL_013,13,n11,EQUIPMENT_HIERARCHY,METADATA_ONLY,EXCLUDE,SOURCE_SPECIFIC_ORIGINAL_HEADER_REQUIRED,Retain only as schema/provenance metadata; not an initial Utility AI value field
VAREXP_COL_014,14,n12,EQUIPMENT_HIERARCHY,METADATA_ONLY,EXCLUDE,SOURCE_SPECIFIC_ORIGINAL_HEADER_REQUIRED,Retain only as schema/provenance metadata; not an initial Utility AI value field
VAREXP_COL_016,16,Description,DESCRIPTION,APPROVED_FOR_DATA_ACQUISITION,INCLUDE,SOURCE_SPECIFIC_ORIGINAL_HEADER_REQUIRED,"Minimum Utility AI identity, description, type, unit, alarm, scaling, or historian field"
VAREXP_COL_017,17,DescriptionAlt,DESCRIPTION,APPROVED_FOR_DATA_ACQUISITION,INCLUDE,SOURCE_SPECIFIC_ORIGINAL_HEADER_REQUIRED,"Minimum Utility AI identity, description, type, unit, alarm, scaling, or historian field"
VAREXP_COL_018,18,Domain,CLASS_NATURE_DATA_TYPE,APPROVED_FOR_DATA_ACQUISITION,INCLUDE,SOURCE_SPECIFIC_ORIGINAL_HEADER_REQUIRED,"Minimum Utility AI identity, description, type, unit, alarm, scaling, or historian field"
VAREXP_COL_019,19,Nature,CLASS_NATURE_DATA_TYPE,APPROVED_FOR_DATA_ACQUISITION,INCLUDE,SOURCE_SPECIFIC_ORIGINAL_HEADER_REQUIRED,"Minimum Utility AI identity, description, type, unit, alarm, scaling, or historian field"
VAREXP_COL_020,20,Inhibited,QUALITY_OR_STATE,APPROVED_FOR_DATA_ACQUISITION,INCLUDE,SOURCE_SPECIFIC_ORIGINAL_HEADER_REQUIRED,"Minimum Utility AI identity, description, type, unit, alarm, scaling, or historian field"
VAREXP_COL_021,21,Simulated,QUALITY_OR_STATE,APPROVED_FOR_DATA_ACQUISITION,INCLUDE,SOURCE_SPECIFIC_ORIGINAL_HEADER_REQUIRED,"Minimum Utility AI identity, description, type, unit, alarm, scaling, or historian field"
VAREXP_COL_022,22,Saved,QUALITY_OR_STATE,APPROVED_FOR_DATA_ACQUISITION,INCLUDE,SOURCE_SPECIFIC_ORIGINAL_HEADER_REQUIRED,"Minimum Utility AI identity, description, type, unit, alarm, scaling, or historian field"
VAREXP_COL_023,23,Source,SOURCE,EXCLUDED_SENSITIVE,EXCLUDE,SOURCE_SPECIFIC_ORIGINAL_HEADER_REQUIRED,"Communication, address, endpoint, source-system, station, or control-expression metadata excluded from initial Pilot"
VAREXP_COL_027,27,PermanentScan,QUALITY_OR_STATE,APPROVED_FOR_DATA_ACQUISITION,INCLUDE,SOURCE_SPECIFIC_ORIGINAL_HEADER_REQUIRED,"Minimum Utility AI identity, description, type, unit, alarm, scaling, or historian field"
VAREXP_COL_037,37,Eqt_NetworkName,PLC_COMMUNICATION_ADDRESS_MAPPING,EXCLUDED_SENSITIVE,EXCLUDE,SOURCE_SPECIFIC_ORIGINAL_HEADER_REQUIRED,"Communication, address, endpoint, source-system, station, or control-expression metadata excluded from initial Pilot"
VAREXP_COL_038,38,Eqt_EqtName,PLC_COMMUNICATION_ADDRESS_MAPPING,EXCLUDED_SENSITIVE,EXCLUDE,SOURCE_SPECIFIC_ORIGINAL_HEADER_REQUIRED,"Communication, address, endpoint, source-system, station, or control-expression metadata excluded from initial Pilot"
VAREXP_COL_039,39,Eqt_FrameName,PLC_COMMUNICATION_ADDRESS_MAPPING,EXCLUDED_SENSITIVE,EXCLUDE,SOURCE_SPECIFIC_ORIGINAL_HEADER_REQUIRED,"Communication, address, endpoint, source-system, station, or control-expression metadata excluded from initial Pilot"
VAREXP_COL_040,40,Eqt_Type,PLC_COMMUNICATION_ADDRESS_MAPPING,EXCLUDED_SENSITIVE,EXCLUDE,SOURCE_SPECIFIC_ORIGINAL_HEADER_REQUIRED,"Communication, address, endpoint, source-system, station, or control-expression metadata excluded from initial Pilot"
VAREXP_COL_041,41,Eqt_Index,PLC_COMMUNICATION_ADDRESS_MAPPING,EXCLUDED_SENSITIVE,EXCLUDE,SOURCE_SPECIFIC_ORIGINAL_HEADER_REQUIRED,"Communication, address, endpoint, source-system, station, or control-expression metadata excluded from initial Pilot"
VAREXP_COL_042,42,Eqt_IndexComp,PLC_COMMUNICATION_ADDRESS_MAPPING,EXCLUDED_SENSITIVE,EXCLUDE,SOURCE_SPECIFIC_ORIGINAL_HEADER_REQUIRED,"Communication, address, endpoint, source-system, station, or control-expression metadata excluded from initial Pilot"
VAREXP_COL_043,43,Eqt_SizeBit,PLC_COMMUNICATION_ADDRESS_MAPPING,EXCLUDED_SENSITIVE,EXCLUDE,SOURCE_SPECIFIC_ORIGINAL_HEADER_REQUIRED,"Communication, address, endpoint, source-system, station, or control-expression metadata excluded from initial Pilot"
VAREXP_COL_044,44,Eqt_TextEncoding,PLC_COMMUNICATION_ADDRESS_MAPPING,EXCLUDED_SENSITIVE,EXCLUDE,SOURCE_SPECIFIC_ORIGINAL_HEADER_REQUIRED,"Communication, address, endpoint, source-system, station, or control-expression metadata excluded from initial Pilot"
VAREXP_COL_047,47,Log0_1,HISTORIAN,APPROVED_FOR_DATA_ACQUISITION,INCLUDE,SOURCE_SPECIFIC_ORIGINAL_HEADER_REQUIRED,"Minimum Utility AI identity, description, type, unit, alarm, scaling, or historian field"
VAREXP_COL_048,48,Log1_0,HISTORIAN,APPROVED_FOR_DATA_ACQUISITION,INCLUDE,SOURCE_SPECIFIC_ORIGINAL_HEADER_REQUIRED,"Minimum Utility AI identity, description, type, unit, alarm, scaling, or historian field"
VAREXP_COL_051,51,AlarmLevel,ALARM,APPROVED_FOR_DATA_ACQUISITION,INCLUDE,SOURCE_SPECIFIC_ORIGINAL_HEADER_REQUIRED,"Minimum Utility AI identity, description, type, unit, alarm, scaling, or historian field"
VAREXP_COL_052,52,AlarmActiveAt1,ALARM,APPROVED_FOR_DATA_ACQUISITION,INCLUDE,SOURCE_SPECIFIC_ORIGINAL_HEADER_REQUIRED,"Minimum Utility AI identity, description, type, unit, alarm, scaling, or historian field"
VAREXP_COL_053,53,MaskDependency,ALARM,NOT_REQUIRED_FOR_UTILITY_AI,EXCLUDE,SOURCE_SPECIFIC_ORIGINAL_HEADER_REQUIRED,Known field not required for initial Utility AI Pilot
VAREXP_COL_054,54,AlarmTemporization,ALARM,APPROVED_FOR_DATA_ACQUISITION,INCLUDE,SOURCE_SPECIFIC_ORIGINAL_HEADER_REQUIRED,"Minimum Utility AI identity, description, type, unit, alarm, scaling, or historian field"
VAREXP_COL_056,56,ThresholdHysterisis,ALARM,APPROVED_FOR_DATA_ACQUISITION,INCLUDE,SOURCE_SPECIFIC_ORIGINAL_HEADER_REQUIRED,"Minimum Utility AI identity, description, type, unit, alarm, scaling, or historian field"
VAREXP_COL_057,57,ThresholdValue,ALARM,APPROVED_FOR_DATA_ACQUISITION,INCLUDE,SOURCE_SPECIFIC_ORIGINAL_HEADER_REQUIRED,"Minimum Utility AI identity, description, type, unit, alarm, scaling, or historian field"
VAREXP_COL_058,58,ThresholdHigh,ALARM,APPROVED_FOR_DATA_ACQUISITION,INCLUDE,SOURCE_SPECIFIC_ORIGINAL_HEADER_REQUIRED,"Minimum Utility AI identity, description, type, unit, alarm, scaling, or historian field"
VAREXP_COL_059,59,ThresholdSource,ALARM,EXCLUDED_SENSITIVE,EXCLUDE,SOURCE_SPECIFIC_ORIGINAL_HEADER_REQUIRED,"Communication, address, endpoint, source-system, station, or control-expression metadata excluded from initial Pilot"
VAREXP_COL_060,60,ThresholdSystem,ALARM,EXCLUDED_SENSITIVE,EXCLUDE,SOURCE_SPECIFIC_ORIGINAL_HEADER_REQUIRED,"Communication, address, endpoint, source-system, station, or control-expression metadata excluded from initial Pilot"
VAREXP_COL_061,61,ThresholdTypeInSystem,ALARM,APPROVED_FOR_DATA_ACQUISITION,INCLUDE,SOURCE_SPECIFIC_ORIGINAL_HEADER_REQUIRED,"Minimum Utility AI identity, description, type, unit, alarm, scaling, or historian field"
VAREXP_COL_066,66,Unit,ENGINEERING_UNIT,APPROVED_FOR_DATA_ACQUISITION,INCLUDE,SOURCE_SPECIFIC_ORIGINAL_HEADER_REQUIRED,"Minimum Utility AI identity, description, type, unit, alarm, scaling, or historian field"
VAREXP_COL_067,67,DeadbandValue,DATA_TYPE_OR_SCALING,APPROVED_FOR_DATA_ACQUISITION,INCLUDE,SOURCE_SPECIFIC_ORIGINAL_HEADER_REQUIRED,"Minimum Utility AI identity, description, type, unit, alarm, scaling, or historian field"
VAREXP_COL_068,68,MinimumValue,DATA_TYPE_OR_SCALING,APPROVED_FOR_DATA_ACQUISITION,INCLUDE,SOURCE_SPECIFIC_ORIGINAL_HEADER_REQUIRED,"Minimum Utility AI identity, description, type, unit, alarm, scaling, or historian field"
VAREXP_COL_069,69,MaximumValue,DATA_TYPE_OR_SCALING,APPROVED_FOR_DATA_ACQUISITION,INCLUDE,SOURCE_SPECIFIC_ORIGINAL_HEADER_REQUIRED,"Minimum Utility AI identity, description, type, unit, alarm, scaling, or historian field"
VAREXP_COL_070,70,ScaledValue,DATA_TYPE_OR_SCALING,APPROVED_FOR_DATA_ACQUISITION,INCLUDE,SOURCE_SPECIFIC_ORIGINAL_HEADER_REQUIRED,"Minimum Utility AI identity, description, type, unit, alarm, scaling, or historian field"
VAREXP_COL_071,71,DeviceMinimumValue,DATA_TYPE_OR_SCALING,APPROVED_FOR_DATA_ACQUISITION,INCLUDE,SOURCE_SPECIFIC_ORIGINAL_HEADER_REQUIRED,"Minimum Utility AI identity, description, type, unit, alarm, scaling, or historian field"
VAREXP_COL_072,72,DeviceMaximumValue,DATA_TYPE_OR_SCALING,APPROVED_FOR_DATA_ACQUISITION,INCLUDE,SOURCE_SPECIFIC_ORIGINAL_HEADER_REQUIRED,"Minimum Utility AI identity, description, type, unit, alarm, scaling, or historian field"
VAREXP_COL_073,73,Format,CLASS_NATURE_DATA_TYPE,APPROVED_FOR_DATA_ACQUISITION,INCLUDE,SOURCE_SPECIFIC_ORIGINAL_HEADER_REQUIRED,"Minimum Utility AI identity, description, type, unit, alarm, scaling, or historian field"
VAREXP_COL_074,74,VariableMinimumValue,DATA_TYPE_OR_SCALING,APPROVED_FOR_DATA_ACQUISITION,INCLUDE,SOURCE_SPECIFIC_ORIGINAL_HEADER_REQUIRED,"Minimum Utility AI identity, description, type, unit, alarm, scaling, or historian field"
VAREXP_COL_075,75,VariableMaximumValue,DATA_TYPE_OR_SCALING,APPROVED_FOR_DATA_ACQUISITION,INCLUDE,SOURCE_SPECIFIC_ORIGINAL_HEADER_REQUIRED,"Minimum Utility AI identity, description, type, unit, alarm, scaling, or historian field"
VAREXP_COL_076,76,ControlMinimumValue,DATA_TYPE_OR_SCALING,APPROVED_FOR_DATA_ACQUISITION,INCLUDE,SOURCE_SPECIFIC_ORIGINAL_HEADER_REQUIRED,"Minimum Utility AI identity, description, type, unit, alarm, scaling, or historian field"
VAREXP_COL_077,77,ControlMaximumValue,DATA_TYPE_OR_SCALING,APPROVED_FOR_DATA_ACQUISITION,INCLUDE,SOURCE_SPECIFIC_ORIGINAL_HEADER_REQUIRED,"Minimum Utility AI identity, description, type, unit, alarm, scaling, or historian field"
VAREXP_COL_079,79,VariableControlMinimumValue,DATA_TYPE_OR_SCALING,APPROVED_FOR_DATA_ACQUISITION,INCLUDE,SOURCE_SPECIFIC_ORIGINAL_HEADER_REQUIRED,"Minimum Utility AI identity, description, type, unit, alarm, scaling, or historian field"
VAREXP_COL_080,80,VariableControlMaximumValue,DATA_TYPE_OR_SCALING,APPROVED_FOR_DATA_ACQUISITION,INCLUDE,SOURCE_SPECIFIC_ORIGINAL_HEADER_REQUIRED,"Minimum Utility AI identity, description, type, unit, alarm, scaling, or historian field"
VAREXP_COL_106,106,TextSize,CLASS_NATURE_DATA_TYPE,APPROVED_FOR_DATA_ACQUISITION,INCLUDE,SOURCE_SPECIFIC_ORIGINAL_HEADER_REQUIRED,"Minimum Utility AI identity, description, type, unit, alarm, scaling, or historian field"
VAREXP_COL_151,151,OPC_Server,PLC_COMMUNICATION_ADDRESS_MAPPING,EXCLUDED_SENSITIVE,EXCLUDE,SOURCE_SPECIFIC_ORIGINAL_HEADER_REQUIRED,"Communication, address, endpoint, source-system, station, or control-expression metadata excluded from initial Pilot"
VAREXP_COL_152,152,OPC_Group,PLC_COMMUNICATION_ADDRESS_MAPPING,EXCLUDED_SENSITIVE,EXCLUDE,SOURCE_SPECIFIC_ORIGINAL_HEADER_REQUIRED,"Communication, address, endpoint, source-system, station, or control-expression metadata excluded from initial Pilot"
VAREXP_COL_153,153,OPC_ItemId,PLC_COMMUNICATION_ADDRESS_MAPPING,EXCLUDED_SENSITIVE,EXCLUDE,SOURCE_SPECIFIC_ORIGINAL_HEADER_REQUIRED,"Communication, address, endpoint, source-system, station, or control-expression metadata excluded from initial Pilot"
VAREXP_COL_154,154,OPC_AccessPath,PLC_COMMUNICATION_ADDRESS_MAPPING,EXCLUDED_SENSITIVE,EXCLUDE,SOURCE_SPECIFIC_ORIGINAL_HEADER_REQUIRED,"Communication, address, endpoint, source-system, station, or control-expression metadata excluded from initial Pilot"
VAREXP_COL_162,162,DeadbandType,CLASS_NATURE_DATA_TYPE,APPROVED_FOR_DATA_ACQUISITION,INCLUDE,SOURCE_SPECIFIC_ORIGINAL_HEADER_REQUIRED,"Minimum Utility AI identity, description, type, unit, alarm, scaling, or historian field"
VAREXP_COL_163,163,Recorder,HISTORIAN,APPROVED_FOR_DATA_ACQUISITION,INCLUDE,SOURCE_SPECIFIC_ORIGINAL_HEADER_REQUIRED,"Minimum Utility AI identity, description, type, unit, alarm, scaling, or historian field"
VAREXP_COL_164,164,MaskExpressionBranch,ALARM,EXCLUDED_SENSITIVE,EXCLUDE,SOURCE_SPECIFIC_ORIGINAL_HEADER_REQUIRED,"Communication, address, endpoint, source-system, station, or control-expression metadata excluded from initial Pilot"
VAREXP_COL_165,165,MaskExpressionTemplate,ALARM,EXCLUDED_SENSITIVE,EXCLUDE,SOURCE_SPECIFIC_ORIGINAL_HEADER_REQUIRED,"Communication, address, endpoint, source-system, station, or control-expression metadata excluded from initial Pilot"
VAREXP_COL_166,166,MessageAlarm,ALARM,APPROVED_FOR_DATA_ACQUISITION,INCLUDE,SOURCE_SPECIFIC_ORIGINAL_HEADER_REQUIRED,"Minimum Utility AI identity, description, type, unit, alarm, scaling, or historian field"
VAREXP_COL_169,169,BACnet_NetworkName,PLC_COMMUNICATION_ADDRESS_MAPPING,EXCLUDED_SENSITIVE,EXCLUDE,SOURCE_SPECIFIC_ORIGINAL_HEADER_REQUIRED,"Communication, address, endpoint, source-system, station, or control-expression metadata excluded from initial Pilot"
VAREXP_COL_170,170,BACnet_DeviceName,PLC_COMMUNICATION_ADDRESS_MAPPING,EXCLUDED_SENSITIVE,EXCLUDE,SOURCE_SPECIFIC_ORIGINAL_HEADER_REQUIRED,"Communication, address, endpoint, source-system, station, or control-expression metadata excluded from initial Pilot"
VAREXP_COL_171,171,BACnet_ObjectType,PLC_COMMUNICATION_ADDRESS_MAPPING,EXCLUDED_SENSITIVE,EXCLUDE,SOURCE_SPECIFIC_ORIGINAL_HEADER_REQUIRED,"Communication, address, endpoint, source-system, station, or control-expression metadata excluded from initial Pilot"
VAREXP_COL_172,172,BACnet_ObjectInstance,PLC_COMMUNICATION_ADDRESS_MAPPING,EXCLUDED_SENSITIVE,EXCLUDE,SOURCE_SPECIFIC_ORIGINAL_HEADER_REQUIRED,"Communication, address, endpoint, source-system, station, or control-expression metadata excluded from initial Pilot"
VAREXP_COL_173,173,BACnet_Property,PLC_COMMUNICATION_ADDRESS_MAPPING,EXCLUDED_SENSITIVE,EXCLUDE,SOURCE_SPECIFIC_ORIGINAL_HEADER_REQUIRED,"Communication, address, endpoint, source-system, station, or control-expression metadata excluded from initial Pilot"
VAREXP_COL_181,181,AlarmAcknowledgmentLevel,ALARM,APPROVED_FOR_DATA_ACQUISITION,INCLUDE,SOURCE_SPECIFIC_ORIGINAL_HEADER_REQUIRED,"Minimum Utility AI identity, description, type, unit, alarm, scaling, or historian field"
VAREXP_COL_182,182,AlarmMaskLevel,ALARM,APPROVED_FOR_DATA_ACQUISITION,INCLUDE,SOURCE_SPECIFIC_ORIGINAL_HEADER_REQUIRED,"Minimum Utility AI identity, description, type, unit, alarm, scaling, or historian field"
VAREXP_COL_183,183,AlarmMaintenanceLevel,ALARM,APPROVED_FOR_DATA_ACQUISITION,INCLUDE,SOURCE_SPECIFIC_ORIGINAL_HEADER_REQUIRED,"Minimum Utility AI identity, description, type, unit, alarm, scaling, or historian field"
VAREXP_COL_184,184,WithInitialValue,DATA_TYPE_OR_SCALING,APPROVED_FOR_DATA_ACQUISITION,INCLUDE,SOURCE_SPECIFIC_ORIGINAL_HEADER_REQUIRED,"Minimum Utility AI identity, description, type, unit, alarm, scaling, or historian field"
VAREXP_COL_185,185,InitialValue,DATA_TYPE_OR_SCALING,APPROVED_FOR_DATA_ACQUISITION,INCLUDE,SOURCE_SPECIFIC_ORIGINAL_HEADER_REQUIRED,"Minimum Utility AI identity, description, type, unit, alarm, scaling, or historian field"
VAREXP_COL_186,186,104_NetworkName,PLC_COMMUNICATION_ADDRESS_MAPPING,EXCLUDED_SENSITIVE,EXCLUDE,SOURCE_SPECIFIC_ORIGINAL_HEADER_REQUIRED,"Communication, address, endpoint, source-system, station, or control-expression metadata excluded from initial Pilot"
VAREXP_COL_187,187,104_DeviceName,PLC_COMMUNICATION_ADDRESS_MAPPING,EXCLUDED_SENSITIVE,EXCLUDE,SOURCE_SPECIFIC_ORIGINAL_HEADER_REQUIRED,"Communication, address, endpoint, source-system, station, or control-expression metadata excluded from initial Pilot"
VAREXP_COL_188,188,104_SectorName,PLC_COMMUNICATION_ADDRESS_MAPPING,EXCLUDED_SENSITIVE,EXCLUDE,SOURCE_SPECIFIC_ORIGINAL_HEADER_REQUIRED,"Communication, address, endpoint, source-system, station, or control-expression metadata excluded from initial Pilot"
VAREXP_COL_189,189,104_IOA,PLC_COMMUNICATION_ADDRESS_MAPPING,EXCLUDED_SENSITIVE,EXCLUDE,SOURCE_SPECIFIC_ORIGINAL_HEADER_REQUIRED,"Communication, address, endpoint, source-system, station, or control-expression metadata excluded from initial Pilot"
VAREXP_COL_190,190,104_Type,PLC_COMMUNICATION_ADDRESS_MAPPING,EXCLUDED_SENSITIVE,EXCLUDE,SOURCE_SPECIFIC_ORIGINAL_HEADER_REQUIRED,"Communication, address, endpoint, source-system, station, or control-expression metadata excluded from initial Pilot"
VAREXP_COL_196,196,IEC61850_MappingType,PLC_COMMUNICATION_ADDRESS_MAPPING,EXCLUDED_SENSITIVE,EXCLUDE,SOURCE_SPECIFIC_ORIGINAL_HEADER_REQUIRED,"Communication, address, endpoint, source-system, station, or control-expression metadata excluded from initial Pilot"
VAREXP_COL_197,197,IEC61850_Network,PLC_COMMUNICATION_ADDRESS_MAPPING,EXCLUDED_SENSITIVE,EXCLUDE,SOURCE_SPECIFIC_ORIGINAL_HEADER_REQUIRED,"Communication, address, endpoint, source-system, station, or control-expression metadata excluded from initial Pilot"
VAREXP_COL_198,198,IEC61850_PhysicalDevice,PLC_COMMUNICATION_ADDRESS_MAPPING,EXCLUDED_SENSITIVE,EXCLUDE,SOURCE_SPECIFIC_ORIGINAL_HEADER_REQUIRED,"Communication, address, endpoint, source-system, station, or control-expression metadata excluded from initial Pilot"
VAREXP_COL_199,199,IEC61850_DataGroup,PLC_COMMUNICATION_ADDRESS_MAPPING,EXCLUDED_SENSITIVE,EXCLUDE,SOURCE_SPECIFIC_ORIGINAL_HEADER_REQUIRED,"Communication, address, endpoint, source-system, station, or control-expression metadata excluded from initial Pilot"
VAREXP_COL_200,200,IEC61850_DataGroupMember,PLC_COMMUNICATION_ADDRESS_MAPPING,EXCLUDED_SENSITIVE,EXCLUDE,SOURCE_SPECIFIC_ORIGINAL_HEADER_REQUIRED,"Communication, address, endpoint, source-system, station, or control-expression metadata excluded from initial Pilot"
VAREXP_COL_201,201,IEC61850_DataGroupMemberField,PLC_COMMUNICATION_ADDRESS_MAPPING,EXCLUDED_SENSITIVE,EXCLUDE,SOURCE_SPECIFIC_ORIGINAL_HEADER_REQUIRED,"Communication, address, endpoint, source-system, station, or control-expression metadata excluded from initial Pilot"
VAREXP_COL_224,224,BACnet_VarType,CLASS_NATURE_DATA_TYPE,EXCLUDED_SENSITIVE,EXCLUDE,SOURCE_SPECIFIC_ORIGINAL_HEADER_REQUIRED,"Communication, address, endpoint, source-system, station, or control-expression metadata excluded from initial Pilot"
VAREXP_COL_225,225,BACnet_AlarmType,ALARM,EXCLUDED_SENSITIVE,EXCLUDE,SOURCE_SPECIFIC_ORIGINAL_HEADER_REQUIRED,"Communication, address, endpoint, source-system, station, or control-expression metadata excluded from initial Pilot"
VAREXP_COL_236,236,SNMP_NetworkName,PLC_COMMUNICATION_ADDRESS_MAPPING,EXCLUDED_SENSITIVE,EXCLUDE,SOURCE_SPECIFIC_ORIGINAL_HEADER_REQUIRED,"Communication, address, endpoint, source-system, station, or control-expression metadata excluded from initial Pilot"
VAREXP_COL_237,237,SNMP_DeviceName,PLC_COMMUNICATION_ADDRESS_MAPPING,EXCLUDED_SENSITIVE,EXCLUDE,SOURCE_SPECIFIC_ORIGINAL_HEADER_REQUIRED,"Communication, address, endpoint, source-system, station, or control-expression metadata excluded from initial Pilot"
VAREXP_COL_238,238,SNMP_ScanGroupName,PLC_COMMUNICATION_ADDRESS_MAPPING,EXCLUDED_SENSITIVE,EXCLUDE,SOURCE_SPECIFIC_ORIGINAL_HEADER_REQUIRED,"Communication, address, endpoint, source-system, station, or control-expression metadata excluded from initial Pilot"
VAREXP_COL_239,239,SNMP_DataType,CLASS_NATURE_DATA_TYPE,EXCLUDED_SENSITIVE,EXCLUDE,SOURCE_SPECIFIC_ORIGINAL_HEADER_REQUIRED,"Communication, address, endpoint, source-system, station, or control-expression metadata excluded from initial Pilot"
VAREXP_COL_240,240,SNMP_OID,PLC_COMMUNICATION_ADDRESS_MAPPING,EXCLUDED_SENSITIVE,EXCLUDE,SOURCE_SPECIFIC_ORIGINAL_HEADER_REQUIRED,"Communication, address, endpoint, source-system, station, or control-expression metadata excluded from initial Pilot"
VAREXP_COL_257,257,OPCUA_NetworkName,PLC_COMMUNICATION_ADDRESS_MAPPING,EXCLUDED_SENSITIVE,EXCLUDE,SOURCE_SPECIFIC_ORIGINAL_HEADER_REQUIRED,"Communication, address, endpoint, source-system, station, or control-expression metadata excluded from initial Pilot"
VAREXP_COL_258,258,OPCUA_ClientName,PLC_COMMUNICATION_ADDRESS_MAPPING,EXCLUDED_SENSITIVE,EXCLUDE,SOURCE_SPECIFIC_ORIGINAL_HEADER_REQUIRED,"Communication, address, endpoint, source-system, station, or control-expression metadata excluded from initial Pilot"
VAREXP_COL_259,259,OPCUA_MonitoringName,PLC_COMMUNICATION_ADDRESS_MAPPING,EXCLUDED_SENSITIVE,EXCLUDE,SOURCE_SPECIFIC_ORIGINAL_HEADER_REQUIRED,"Communication, address, endpoint, source-system, station, or control-expression metadata excluded from initial Pilot"
VAREXP_COL_260,260,OPCUA_Identifier,PLC_COMMUNICATION_ADDRESS_MAPPING,EXCLUDED_SENSITIVE,EXCLUDE,SOURCE_SPECIFIC_ORIGINAL_HEADER_REQUIRED,"Communication, address, endpoint, source-system, station, or control-expression metadata excluded from initial Pilot"
VAREXP_COL_261,261,OPCUA_IdentifierType,CLASS_NATURE_DATA_TYPE,EXCLUDED_SENSITIVE,EXCLUDE,SOURCE_SPECIFIC_ORIGINAL_HEADER_REQUIRED,"Communication, address, endpoint, source-system, station, or control-expression metadata excluded from initial Pilot"
VAREXP_COL_262,262,OPCUA_NamespaceIndex,PLC_COMMUNICATION_ADDRESS_MAPPING,EXCLUDED_SENSITIVE,EXCLUDE,SOURCE_SPECIFIC_ORIGINAL_HEADER_REQUIRED,"Communication, address, endpoint, source-system, station, or control-expression metadata excluded from initial Pilot"
