Path,SizeBytes,Type,Purpose,ProductionRisk,Reproducible,SYNTHETIC_SAFE_FOR_GIT,FinalClassification,Reason
05_QA/phase4_2_minimal_hierarchy_pilot_rc1/byteBoundary/Project Files/USR/SSV Integrated Project/C1/Shared/A/varexp/plc_m_varexp.csv,9370,CSV Fixture/Result,Minimal reproducible synthetic QA fixture,LOW_SYNTHETIC_OR_GENERATED,YES,YES,TRACK_IN_GIT,Canonical synthetic Phase 4.2 fixture
05_QA/phase4_2_minimal_hierarchy_pilot_rc1/byteBoundary/Project Files/USR/SSV Integrated Project/C1/Shared/B/varexp/G03_varexp.csv,9462,CSV Fixture/Result,Minimal reproducible synthetic QA fixture,LOW_SYNTHETIC_OR_GENERATED,YES,YES,TRACK_IN_GIT,Canonical synthetic Phase 4.2 fixture
05_QA/phase4_2_minimal_hierarchy_pilot_rc1/byteBoundary/Project Files/USR/SSV Integrated Project/C1/Shared/C/varexp/BFU_varexp.csv,9462,CSV Fixture/Result,Minimal reproducible synthetic QA fixture,LOW_SYNTHETIC_OR_GENERATED,YES,YES,TRACK_IN_GIT,Canonical synthetic Phase 4.2 fixture
05_QA/phase4_2_minimal_hierarchy_pilot_rc1/byteBoundary/Project Files/USR/SSV Integrated Project/C1/Shared/ELEC/varexp/E02_varexp.csv,9395,CSV Fixture/Result,Minimal reproducible synthetic QA fixture,LOW_SYNTHETIC_OR_GENERATED,YES,YES,TRACK_IN_GIT,Canonical synthetic Phase 4.2 fixture
05_QA/phase4_2_minimal_hierarchy_pilot_rc1/byteBoundary/Project Files/USR/SSV Integrated Project/C1/Shared/varexp_main.csv,279463,CSV Fixture/Result,Minimal reproducible synthetic QA fixture,LOW_SYNTHETIC_OR_GENERATED,YES,YES,TRACK_IN_GIT,Canonical synthetic Phase 4.2 fixture
05_QA/phase4_2_minimal_hierarchy_pilot_rc1/credential/Project Files/USR/SSV Integrated Project/C1/Shared/A/varexp/plc_m_varexp.csv,9396,CSV Fixture/Result,Generated/duplicated QA or release artifact,TEST_RISK_PRESENT,YES,NO,IGNORE_GENERATED,Synthetic sensitive sentinel scenario must be generated at test runtime
05_QA/phase4_2_minimal_hierarchy_pilot_rc1/credential/Project Files/USR/SSV Integrated Project/C1/Shared/B/varexp/G03_varexp.csv,9463,CSV Fixture/Result,Generated/duplicated QA or release artifact,TEST_RISK_PRESENT,YES,NO,IGNORE_GENERATED,Synthetic sensitive sentinel scenario must be generated at test runtime
05_QA/phase4_2_minimal_hierarchy_pilot_rc1/credential/Project Files/USR/SSV Integrated Project/C1/Shared/C/varexp/BFU_varexp.csv,9463,CSV Fixture/Result,Generated/duplicated QA or release artifact,TEST_RISK_PRESENT,YES,NO,IGNORE_GENERATED,Synthetic sensitive sentinel scenario must be generated at test runtime
05_QA/phase4_2_minimal_hierarchy_pilot_rc1/credential/Project Files/USR/SSV Integrated Project/C1/Shared/ELEC/varexp/E02_varexp.csv,9396,CSV Fixture/Result,Generated/duplicated QA or release artifact,TEST_RISK_PRESENT,YES,NO,IGNORE_GENERATED,Synthetic sensitive sentinel scenario must be generated at test runtime
05_QA/phase4_2_minimal_hierarchy_pilot_rc1/credential/Project Files/USR/SSV Integrated Project/C1/Shared/varexp_main.csv,9465,CSV Fixture/Result,Generated/duplicated QA or release artifact,TEST_RISK_PRESENT,YES,NO,IGNORE_GENERATED,Synthetic sensitive sentinel scenario must be generated at test runtime
05_QA/phase4_2_minimal_hierarchy_pilot_rc1/dataSecret/Project Files/USR/SSV Integrated Project/C1/Shared/A/varexp/plc_m_varexp.csv,9404,CSV Fixture/Result,Generated/duplicated QA or release artifact,TEST_RISK_PRESENT,YES,NO,IGNORE_GENERATED,Synthetic sensitive sentinel scenario must be generated at test runtime
05_QA/phase4_2_minimal_hierarchy_pilot_rc1/dataSecret/Project Files/USR/SSV Integrated Project/C1/Shared/B/varexp/G03_varexp.csv,9463,CSV Fixture/Result,Generated/duplicated QA or release artifact,TEST_RISK_PRESENT,YES,NO,IGNORE_GENERATED,Synthetic sensitive sentinel scenario must be generated at test runtime
05_QA/phase4_2_minimal_hierarchy_pilot_rc1/dataSecret/Project Files/USR/SSV Integrated Project/C1/Shared/C/varexp/BFU_varexp.csv,9463,CSV Fixture/Result,Generated/duplicated QA or release artifact,TEST_RISK_PRESENT,YES,NO,IGNORE_GENERATED,Synthetic sensitive sentinel scenario must be generated at test runtime
05_QA/phase4_2_minimal_hierarchy_pilot_rc1/dataSecret/Project Files/USR/SSV Integrated Project/C1/Shared/ELEC/varexp/E02_varexp.csv,9396,CSV Fixture/Result,Generated/duplicated QA or release artifact,TEST_RISK_PRESENT,YES,NO,IGNORE_GENERATED,Synthetic sensitive sentinel scenario must be generated at test runtime
05_QA/phase4_2_minimal_hierarchy_pilot_rc1/dataSecret/Project Files/USR/SSV Integrated Project/C1/Shared/varexp_main.csv,9463,CSV Fixture/Result,Generated/duplicated QA or release artifact,TEST_RISK_PRESENT,YES,NO,IGNORE_GENERATED,Synthetic sensitive sentinel scenario must be generated at test runtime
05_QA/phase4_2_minimal_hierarchy_pilot_rc1/global101/Project Files/USR/SSV Integrated Project/C1/Shared/A/varexp/plc_m_varexp.csv,10176,CSV Fixture/Result,Minimal reproducible synthetic QA fixture,LOW_SYNTHETIC_OR_GENERATED,YES,YES,TRACK_IN_GIT,Canonical synthetic Phase 4.2 fixture
05_QA/phase4_2_minimal_hierarchy_pilot_rc1/global101/Project Files/USR/SSV Integrated Project/C1/Shared/B/varexp/G03_varexp.csv,10243,CSV Fixture/Result,Minimal reproducible synthetic QA fixture,LOW_SYNTHETIC_OR_GENERATED,YES,YES,TRACK_IN_GIT,Canonical synthetic Phase 4.2 fixture
05_QA/phase4_2_minimal_hierarchy_pilot_rc1/global101/Project Files/USR/SSV Integrated Project/C1/Shared/C/varexp/BFU_varexp.csv,10243,CSV Fixture/Result,Minimal reproducible synthetic QA fixture,LOW_SYNTHETIC_OR_GENERATED,YES,YES,TRACK_IN_GIT,Canonical synthetic Phase 4.2 fixture
05_QA/phase4_2_minimal_hierarchy_pilot_rc1/global101/Project Files/USR/SSV Integrated Project/C1/Shared/ELEC/varexp/E02_varexp.csv,10176,CSV Fixture/Result,Minimal reproducible synthetic QA fixture,LOW_SYNTHETIC_OR_GENERATED,YES,YES,TRACK_IN_GIT,Canonical synthetic Phase 4.2 fixture
05_QA/phase4_2_minimal_hierarchy_pilot_rc1/global101/Project Files/USR/SSV Integrated Project/C1/Shared/varexp_main.csv,10627,CSV Fixture/Result,Minimal reproducible synthetic QA fixture,LOW_SYNTHETIC_OR_GENERATED,YES,YES,TRACK_IN_GIT,Canonical synthetic Phase 4.2 fixture
05_QA/phase4_2_minimal_hierarchy_pilot_rc1/keyOnly/Project Files/USR/SSV Integrated Project/C1/Shared/A/varexp/plc_m_varexp.csv,9370,CSV Fixture/Result,Generated/duplicated QA or release artifact,TEST_RISK_PRESENT,YES,NO,IGNORE_GENERATED,Synthetic sensitive sentinel scenario must be generated at test runtime
05_QA/phase4_2_minimal_hierarchy_pilot_rc1/keyOnly/Project Files/USR/SSV Integrated Project/C1/Shared/B/varexp/G03_varexp.csv,9462,CSV Fixture/Result,Generated/duplicated QA or release artifact,TEST_RISK_PRESENT,YES,NO,IGNORE_GENERATED,Synthetic sensitive sentinel scenario must be generated at test runtime
05_QA/phase4_2_minimal_hierarchy_pilot_rc1/keyOnly/Project Files/USR/SSV Integrated Project/C1/Shared/C/varexp/BFU_varexp.csv,9462,CSV Fixture/Result,Generated/duplicated QA or release artifact,TEST_RISK_PRESENT,YES,NO,IGNORE_GENERATED,Synthetic sensitive sentinel scenario must be generated at test runtime
05_QA/phase4_2_minimal_hierarchy_pilot_rc1/keyOnly/Project Files/USR/SSV Integrated Project/C1/Shared/ELEC/varexp/E02_varexp.csv,9395,CSV Fixture/Result,Generated/duplicated QA or release artifact,TEST_RISK_PRESENT,YES,NO,IGNORE_GENERATED,Synthetic sensitive sentinel scenario must be generated at test runtime
05_QA/phase4_2_minimal_hierarchy_pilot_rc1/keyOnly/Project Files/USR/SSV Integrated Project/C1/Shared/varexp_main.csv,9446,CSV Fixture/Result,Generated/duplicated QA or release artifact,TEST_RISK_PRESENT,YES,NO,IGNORE_GENERATED,Synthetic sensitive sentinel scenario must be generated at test runtime
05_QA/phase4_2_minimal_hierarchy_pilot_rc1/main/Project Files/USR/SSV Integrated Project/C1/Shared/A/varexp/plc_m_varexp.csv,10150,CSV Fixture/Result,Minimal reproducible synthetic QA fixture,LOW_SYNTHETIC_OR_GENERATED,YES,YES,TRACK_IN_GIT,Canonical synthetic Phase 4.2 fixture
05_QA/phase4_2_minimal_hierarchy_pilot_rc1/main/Project Files/USR/SSV Integrated Project/C1/Shared/B/varexp/G03_varexp.csv,10242,CSV Fixture/Result,Minimal reproducible synthetic QA fixture,LOW_SYNTHETIC_OR_GENERATED,YES,YES,TRACK_IN_GIT,Canonical synthetic Phase 4.2 fixture
05_QA/phase4_2_minimal_hierarchy_pilot_rc1/main/Project Files/USR/SSV Integrated Project/C1/Shared/C/varexp/BFU_varexp.csv,10242,CSV Fixture/Result,Minimal reproducible synthetic QA fixture,LOW_SYNTHETIC_OR_GENERATED,YES,YES,TRACK_IN_GIT,Canonical synthetic Phase 4.2 fixture
05_QA/phase4_2_minimal_hierarchy_pilot_rc1/main/Project Files/USR/SSV Integrated Project/C1/Shared/ELEC/varexp/E02_varexp.csv,10175,CSV Fixture/Result,Minimal reproducible synthetic QA fixture,LOW_SYNTHETIC_OR_GENERATED,YES,YES,TRACK_IN_GIT,Canonical synthetic Phase 4.2 fixture
05_QA/phase4_2_minimal_hierarchy_pilot_rc1/main/Project Files/USR/SSV Integrated Project/C1/Shared/varexp_main.csv,10242,CSV Fixture/Result,Minimal reproducible synthetic QA fixture,LOW_SYNTHETIC_OR_GENERATED,YES,YES,TRACK_IN_GIT,Canonical synthetic Phase 4.2 fixture
05_QA/phase4_2_minimal_hierarchy_pilot_rc1/malformed261/Project Files/USR/SSV Integrated Project/C1/Shared/A/varexp/plc_m_varexp.csv,9396,CSV Fixture/Result,Minimal reproducible synthetic QA fixture,LOW_SYNTHETIC_OR_GENERATED,YES,YES,TRACK_IN_GIT,Canonical synthetic Phase 4.2 fixture
05_QA/phase4_2_minimal_hierarchy_pilot_rc1/malformed261/Project Files/USR/SSV Integrated Project/C1/Shared/B/varexp/G03_varexp.csv,9462,CSV Fixture/Result,Minimal reproducible synthetic QA fixture,LOW_SYNTHETIC_OR_GENERATED,YES,YES,TRACK_IN_GIT,Canonical synthetic Phase 4.2 fixture
05_QA/phase4_2_minimal_hierarchy_pilot_rc1/malformed261/Project Files/USR/SSV Integrated Project/C1/Shared/C/varexp/BFU_varexp.csv,9463,CSV Fixture/Result,Minimal reproducible synthetic QA fixture,LOW_SYNTHETIC_OR_GENERATED,YES,YES,TRACK_IN_GIT,Canonical synthetic Phase 4.2 fixture
05_QA/phase4_2_minimal_hierarchy_pilot_rc1/malformed261/Project Files/USR/SSV Integrated Project/C1/Shared/ELEC/varexp/E02_varexp.csv,9396,CSV Fixture/Result,Minimal reproducible synthetic QA fixture,LOW_SYNTHETIC_OR_GENERATED,YES,YES,TRACK_IN_GIT,Canonical synthetic Phase 4.2 fixture
05_QA/phase4_2_minimal_hierarchy_pilot_rc1/malformed261/Project Files/USR/SSV Integrated Project/C1/Shared/varexp_main.csv,9463,CSV Fixture/Result,Minimal reproducible synthetic QA fixture,LOW_SYNTHETIC_OR_GENERATED,YES,YES,TRACK_IN_GIT,Canonical synthetic Phase 4.2 fixture
05_QA/phase4_2_minimal_hierarchy_pilot_rc1/malformed263/Project Files/USR/SSV Integrated Project/C1/Shared/A/varexp/plc_m_varexp.csv,9396,CSV Fixture/Result,Minimal reproducible synthetic QA fixture,LOW_SYNTHETIC_OR_GENERATED,YES,YES,TRACK_IN_GIT,Canonical synthetic Phase 4.2 fixture
05_QA/phase4_2_minimal_hierarchy_pilot_rc1/malformed263/Project Files/USR/SSV Integrated Project/C1/Shared/B/varexp/G03_varexp.csv,9463,CSV Fixture/Result,Minimal reproducible synthetic QA fixture,LOW_SYNTHETIC_OR_GENERATED,YES,YES,TRACK_IN_GIT,Canonical synthetic Phase 4.2 fixture
05_QA/phase4_2_minimal_hierarchy_pilot_rc1/malformed263/Project Files/USR/SSV Integrated Project/C1/Shared/C/varexp/BFU_varexp.csv,9469,CSV Fixture/Result,Minimal reproducible synthetic QA fixture,LOW_SYNTHETIC_OR_GENERATED,YES,YES,TRACK_IN_GIT,Canonical synthetic Phase 4.2 fixture
05_QA/phase4_2_minimal_hierarchy_pilot_rc1/malformed263/Project Files/USR/SSV Integrated Project/C1/Shared/ELEC/varexp/E02_varexp.csv,9396,CSV Fixture/Result,Minimal reproducible synthetic QA fixture,LOW_SYNTHETIC_OR_GENERATED,YES,YES,TRACK_IN_GIT,Canonical synthetic Phase 4.2 fixture
05_QA/phase4_2_minimal_hierarchy_pilot_rc1/malformed263/Project Files/USR/SSV Integrated Project/C1/Shared/varexp_main.csv,9463,CSV Fixture/Result,Minimal reproducible synthetic QA fixture,LOW_SYNTHETIC_OR_GENERATED,YES,YES,TRACK_IN_GIT,Canonical synthetic Phase 4.2 fixture
05_QA/phase4_2_minimal_hierarchy_pilot_rc1/PilotConfig_Global101.psd1,1125,QA Script/Config,Reproducible QA configuration,TEST_RISK_PRESENT,YES,N/A,TRACK_IN_GIT,Boundary fixture configuration required for reproducible QA
05_QA/rc5_nonproduction/DebugCollector.ps1,20236,QA Script/Config,Superseded debug helper,TEST_RISK_PRESENT,YES,N/A,DELETE_CANDIDATE,Temporary debug-only script superseded by canonical Collector
05_QA/rc5_nonproduction/e2e_main/PCVue_CSV_Header_Sample_20260813_121752.zip,6902,Release/QA ZIP,Generated/duplicated QA or release artifact,LOW_SYNTHETIC_OR_GENERATED,YES,N/A,IGNORE_GENERATED,Repeated E2E package/result output
05_QA/rc5_nonproduction/e2e_main/PCVue_CSV_Header_Sample_20260813_121752.zip.sha256,111,Checksum,Generated/duplicated QA or release artifact,LOW_SYNTHETIC_OR_GENERATED,YES,N/A,IGNORE_GENERATED,Repeated E2E package/result output
05_QA/rc5_nonproduction/e2e_main/PCVue_CSV_Header_Sample_20260813_121752/CSV_SAMPLE_STRUCTURE.csv,11989,CSV Fixture/Result,Generated/duplicated QA or release artifact,LOW_SYNTHETIC_OR_GENERATED,YES,N/A,IGNORE_GENERATED,Repeated E2E package/result output
05_QA/rc5_nonproduction/e2e_main/PCVue_CSV_Header_Sample_20260813_121752/FINAL_SAMPLE_STATUS.txt,201,QA Result,Generated/duplicated QA or release artifact,LOW_SYNTHETIC_OR_GENERATED,YES,N/A,IGNORE_GENERATED,Repeated E2E package/result output
05_QA/rc5_nonproduction/e2e_main/PCVue_CSV_Header_Sample_20260813_121752/HISTO_HEADER_ANALYSIS.csv,2342,CSV Fixture/Result,Generated/duplicated QA or release artifact,LOW_SYNTHETIC_OR_GENERATED,YES,N/A,IGNORE_GENERATED,Repeated E2E package/result output
05_QA/rc5_nonproduction/e2e_main/PCVue_CSV_Header_Sample_20260813_121752/PVTREND_HEADER_ANALYSIS.csv,1022,CSV Fixture/Result,Generated/duplicated QA or release artifact,LOW_SYNTHETIC_OR_GENERATED,YES,N/A,IGNORE_GENERATED,Repeated E2E package/result output
05_QA/rc5_nonproduction/e2e_main/PCVue_CSV_Header_Sample_20260813_121752/SAMPLE_COLLECTION_STATUS.csv,1956,CSV Fixture/Result,Generated/duplicated QA or release artifact,LOW_SYNTHETIC_OR_GENERATED,YES,N/A,IGNORE_GENERATED,Repeated E2E package/result output
05_QA/rc5_nonproduction/e2e_main/PCVue_CSV_Header_Sample_20260813_121752/SHA256SUMS.txt,564,QA Result,Generated/duplicated QA or release artifact,LOW_SYNTHETIC_OR_GENERATED,YES,N/A,IGNORE_GENERATED,Repeated E2E package/result output
05_QA/rc5_nonproduction/e2e_main/PCVue_CSV_Header_Sample_20260813_121752/VAREXP_HEADER_ANALYSIS.csv,9415,CSV Fixture/Result,Generated/duplicated QA or release artifact,LOW_SYNTHETIC_OR_GENERATED,YES,N/A,IGNORE_GENERATED,Repeated E2E package/result output
05_QA/rc5_nonproduction/e2e_pvbad/PCVue_CSV_Header_Sample_20260813_121759.zip,6734,Release/QA ZIP,Generated/duplicated QA or release artifact,LOW_SYNTHETIC_OR_GENERATED,YES,N/A,IGNORE_GENERATED,Repeated E2E package/result output
05_QA/rc5_nonproduction/e2e_pvbad/PCVue_CSV_Header_Sample_20260813_121759.zip.sha256,111,Checksum,Generated/duplicated QA or release artifact,LOW_SYNTHETIC_OR_GENERATED,YES,N/A,IGNORE_GENERATED,Repeated E2E package/result output
05_QA/rc5_nonproduction/e2e_pvbad/PCVue_CSV_Header_Sample_20260813_121759/CSV_SAMPLE_STRUCTURE.csv,11781,CSV Fixture/Result,Generated/duplicated QA or release artifact,LOW_SYNTHETIC_OR_GENERATED,YES,N/A,IGNORE_GENERATED,Repeated E2E package/result output
05_QA/rc5_nonproduction/e2e_pvbad/PCVue_CSV_Header_Sample_20260813_121759/FINAL_SAMPLE_STATUS.txt,201,QA Result,Generated/duplicated QA or release artifact,LOW_SYNTHETIC_OR_GENERATED,YES,N/A,IGNORE_GENERATED,Repeated E2E package/result output
05_QA/rc5_nonproduction/e2e_pvbad/PCVue_CSV_Header_Sample_20260813_121759/HISTO_HEADER_ANALYSIS.csv,2342,CSV Fixture/Result,Generated/duplicated QA or release artifact,LOW_SYNTHETIC_OR_GENERATED,YES,N/A,IGNORE_GENERATED,Repeated E2E package/result output
05_QA/rc5_nonproduction/e2e_pvbad/PCVue_CSV_Header_Sample_20260813_121759/PVTREND_HEADER_ANALYSIS.csv,814,CSV Fixture/Result,Generated/duplicated QA or release artifact,LOW_SYNTHETIC_OR_GENERATED,YES,N/A,IGNORE_GENERATED,Repeated E2E package/result output
05_QA/rc5_nonproduction/e2e_pvbad/PCVue_CSV_Header_Sample_20260813_121759/SAMPLE_COLLECTION_STATUS.csv,1962,CSV Fixture/Result,Generated/duplicated QA or release artifact,LOW_SYNTHETIC_OR_GENERATED,YES,N/A,IGNORE_GENERATED,Repeated E2E package/result output
05_QA/rc5_nonproduction/e2e_pvbad/PCVue_CSV_Header_Sample_20260813_121759/SHA256SUMS.txt,564,QA Result,Generated/duplicated QA or release artifact,LOW_SYNTHETIC_OR_GENERATED,YES,N/A,IGNORE_GENERATED,Repeated E2E package/result output
05_QA/rc5_nonproduction/e2e_pvbad/PCVue_CSV_Header_Sample_20260813_121759/VAREXP_HEADER_ANALYSIS.csv,9415,CSV Fixture/Result,Generated/duplicated QA or release artifact,LOW_SYNTHETIC_OR_GENERATED,YES,N/A,IGNORE_GENERATED,Repeated E2E package/result output
05_QA/rc5_nonproduction/e2e_sensitive/PCVue_CSV_Header_Sample_20260813_121756.zip,6817,Release/QA ZIP,Generated/duplicated QA or release artifact,TEST_RISK_PRESENT,YES,N/A,IGNORE_GENERATED,Repeated E2E package/result output
05_QA/rc5_nonproduction/e2e_sensitive/PCVue_CSV_Header_Sample_20260813_121756.zip.sha256,111,Checksum,Generated/duplicated QA or release artifact,TEST_RISK_PRESENT,YES,N/A,IGNORE_GENERATED,Repeated E2E package/result output
05_QA/rc5_nonproduction/e2e_sensitive/PCVue_CSV_Header_Sample_20260813_121756/CSV_SAMPLE_STRUCTURE.csv,8474,CSV Fixture/Result,Generated/duplicated QA or release artifact,TEST_RISK_PRESENT,YES,N/A,IGNORE_GENERATED,Repeated E2E package/result output
05_QA/rc5_nonproduction/e2e_sensitive/PCVue_CSV_Header_Sample_20260813_121756/FINAL_SAMPLE_STATUS.txt,201,QA Result,Generated/duplicated QA or release artifact,TEST_RISK_PRESENT,YES,N/A,IGNORE_GENERATED,Repeated E2E package/result output
05_QA/rc5_nonproduction/e2e_sensitive/PCVue_CSV_Header_Sample_20260813_121756/HISTO_HEADER_ANALYSIS.csv,2342,CSV Fixture/Result,Generated/duplicated QA or release artifact,TEST_RISK_PRESENT,YES,N/A,IGNORE_GENERATED,Repeated E2E package/result output
05_QA/rc5_nonproduction/e2e_sensitive/PCVue_CSV_Header_Sample_20260813_121756/PVTREND_HEADER_ANALYSIS.csv,1022,CSV Fixture/Result,Generated/duplicated QA or release artifact,TEST_RISK_PRESENT,YES,N/A,IGNORE_GENERATED,Repeated E2E package/result output
05_QA/rc5_nonproduction/e2e_sensitive/PCVue_CSV_Header_Sample_20260813_121756/SAMPLE_COLLECTION_STATUS.csv,1990,CSV Fixture/Result,Generated/duplicated QA or release artifact,TEST_RISK_PRESENT,YES,N/A,IGNORE_GENERATED,Repeated E2E package/result output
05_QA/rc5_nonproduction/e2e_sensitive/PCVue_CSV_Header_Sample_20260813_121756/SHA256SUMS.txt,564,QA Result,Generated/duplicated QA or release artifact,TEST_RISK_PRESENT,YES,N/A,IGNORE_GENERATED,Repeated E2E package/result output
05_QA/rc5_nonproduction/e2e_sensitive/PCVue_CSV_Header_Sample_20260813_121756/VAREXP_HEADER_ANALYSIS.csv,5900,CSV Fixture/Result,Generated/duplicated QA or release artifact,TEST_RISK_PRESENT,YES,N/A,IGNORE_GENERATED,Repeated E2E package/result output
05_QA/rc5_nonproduction/fixture_before_hashes.json,5684,QA Intermediate,Generated/duplicated QA or release artifact,LOW_SYNTHETIC_OR_GENERATED,YES,NO,IGNORE_GENERATED,Validation intermediate
05_QA/rc5_nonproduction/fixture_main/DO_NOT_READ.dat,38,Negative-access Fixture,Minimal reproducible synthetic QA fixture,LOW_SYNTHETIC_OR_GENERATED,YES,YES,TRACK_IN_GIT,Canonical synthetic Phase 3 fixture; no credential/endpoint pattern detected
05_QA/rc5_nonproduction/fixture_main/DO_NOT_READ.xlsx,39,Negative-access Fixture,Minimal reproducible synthetic QA fixture,LOW_SYNTHETIC_OR_GENERATED,YES,YES,TRACK_IN_GIT,Canonical synthetic Phase 3 fixture; no credential/endpoint pattern detected
05_QA/rc5_nonproduction/fixture_main/DO_NOT_READ.xml,38,Negative-access Fixture,Minimal reproducible synthetic QA fixture,LOW_SYNTHETIC_OR_GENERATED,YES,YES,TRACK_IN_GIT,Canonical synthetic Phase 3 fixture; no credential/endpoint pattern detected
05_QA/rc5_nonproduction/fixture_main/UNAPPROVED_SENTINEL.csv,34,CSV Fixture/Result,Minimal reproducible synthetic QA fixture,LOW_SYNTHETIC_OR_GENERATED,YES,YES,TRACK_IN_GIT,Canonical synthetic Phase 3 fixture; no credential/endpoint pattern detected
05_QA/rc5_nonproduction/fixture_main/USR/SSV Integrated Project/C1/Server Station/histo_log.csv,75,CSV Fixture/Result,Minimal reproducible synthetic QA fixture,LOW_SYNTHETIC_OR_GENERATED,YES,YES,TRACK_IN_GIT,Canonical synthetic Phase 3 fixture; no credential/endpoint pattern detected
05_QA/rc5_nonproduction/fixture_main/USR/SSV Integrated Project/C1/Shared/A/histo/plc_w_histo.csv,75,CSV Fixture/Result,Minimal reproducible synthetic QA fixture,LOW_SYNTHETIC_OR_GENERATED,YES,YES,TRACK_IN_GIT,Canonical synthetic Phase 3 fixture; no credential/endpoint pattern detected
05_QA/rc5_nonproduction/fixture_main/USR/SSV Integrated Project/C1/Shared/A/varexp/plc_m_varexp.csv,2583,CSV Fixture/Result,Minimal reproducible synthetic QA fixture,LOW_SYNTHETIC_OR_GENERATED,YES,YES,TRACK_IN_GIT,Canonical synthetic Phase 3 fixture; no credential/endpoint pattern detected
05_QA/rc5_nonproduction/fixture_main/USR/SSV Integrated Project/C1/Shared/B/histo/G02_histo.csv,75,CSV Fixture/Result,Minimal reproducible synthetic QA fixture,LOW_SYNTHETIC_OR_GENERATED,YES,YES,TRACK_IN_GIT,Canonical synthetic Phase 3 fixture; no credential/endpoint pattern detected
05_QA/rc5_nonproduction/fixture_main/USR/SSV Integrated Project/C1/Shared/B/varexp/G03_varexp.csv,63,CSV Fixture/Result,Minimal reproducible synthetic QA fixture,LOW_SYNTHETIC_OR_GENERATED,YES,YES,TRACK_IN_GIT,Canonical synthetic Phase 3 fixture; no credential/endpoint pattern detected
05_QA/rc5_nonproduction/fixture_main/USR/SSV Integrated Project/C1/Shared/C/histo/C11_histo.csv,75,CSV Fixture/Result,Minimal reproducible synthetic QA fixture,LOW_SYNTHETIC_OR_GENERATED,YES,YES,TRACK_IN_GIT,Canonical synthetic Phase 3 fixture; no credential/endpoint pattern detected
05_QA/rc5_nonproduction/fixture_main/USR/SSV Integrated Project/C1/Shared/C/varexp/BFU_varexp.csv,70000,CSV Fixture/Result,Minimal reproducible synthetic QA fixture,LOW_SYNTHETIC_OR_GENERATED,YES,YES,TRACK_IN_GIT,Canonical synthetic Phase 3 fixture; no credential/endpoint pattern detected
05_QA/rc5_nonproduction/fixture_main/USR/SSV Integrated Project/C1/Shared/ELEC/histo/E02_histo.csv,75,CSV Fixture/Result,Minimal reproducible synthetic QA fixture,LOW_SYNTHETIC_OR_GENERATED,YES,YES,TRACK_IN_GIT,Canonical synthetic Phase 3 fixture; no credential/endpoint pattern detected
05_QA/rc5_nonproduction/fixture_main/USR/SSV Integrated Project/C1/Shared/ELEC/varexp/E02_varexp.csv,38,CSV Fixture/Result,Minimal reproducible synthetic QA fixture,LOW_SYNTHETIC_OR_GENERATED,YES,YES,TRACK_IN_GIT,Canonical synthetic Phase 3 fixture; no credential/endpoint pattern detected
05_QA/rc5_nonproduction/fixture_main/USR/SSV Integrated Project/C1/Shared/varexp_main.csv,2552,CSV Fixture/Result,Minimal reproducible synthetic QA fixture,LOW_SYNTHETIC_OR_GENERATED,YES,YES,TRACK_IN_GIT,Canonical synthetic Phase 3 fixture; no credential/endpoint pattern detected
05_QA/rc5_nonproduction/fixture_main/USR/SSV Integrated Project/TP/PvTrend_AggregatedStatistics_202506121757.csv,229,CSV Fixture/Result,Minimal reproducible synthetic QA fixture,LOW_SYNTHETIC_OR_GENERATED,YES,YES,TRACK_IN_GIT,Canonical synthetic Phase 3 fixture; no credential/endpoint pattern detected
05_QA/rc5_nonproduction/fixture_pvbad/DO_NOT_READ.dat,38,Negative-access Fixture,Minimal reproducible synthetic QA fixture,LOW_SYNTHETIC_OR_GENERATED,YES,YES,TRACK_IN_GIT,Canonical synthetic Phase 3 fixture; no credential/endpoint pattern detected
05_QA/rc5_nonproduction/fixture_pvbad/DO_NOT_READ.xlsx,39,Negative-access Fixture,Minimal reproducible synthetic QA fixture,LOW_SYNTHETIC_OR_GENERATED,YES,YES,TRACK_IN_GIT,Canonical synthetic Phase 3 fixture; no credential/endpoint pattern detected
05_QA/rc5_nonproduction/fixture_pvbad/DO_NOT_READ.xml,38,Negative-access Fixture,Minimal reproducible synthetic QA fixture,LOW_SYNTHETIC_OR_GENERATED,YES,YES,TRACK_IN_GIT,Canonical synthetic Phase 3 fixture; no credential/endpoint pattern detected
05_QA/rc5_nonproduction/fixture_pvbad/UNAPPROVED_SENTINEL.csv,34,CSV Fixture/Result,Minimal reproducible synthetic QA fixture,LOW_SYNTHETIC_OR_GENERATED,YES,YES,TRACK_IN_GIT,Canonical synthetic Phase 3 fixture; no credential/endpoint pattern detected
05_QA/rc5_nonproduction/fixture_pvbad/USR/SSV Integrated Project/C1/Server Station/histo_log.csv,75,CSV Fixture/Result,Minimal reproducible synthetic QA fixture,LOW_SYNTHETIC_OR_GENERATED,YES,YES,TRACK_IN_GIT,Canonical synthetic Phase 3 fixture; no credential/endpoint pattern detected
05_QA/rc5_nonproduction/fixture_pvbad/USR/SSV Integrated Project/C1/Shared/A/histo/plc_w_histo.csv,75,CSV Fixture/Result,Minimal reproducible synthetic QA fixture,LOW_SYNTHETIC_OR_GENERATED,YES,YES,TRACK_IN_GIT,Canonical synthetic Phase 3 fixture; no credential/endpoint pattern detected
05_QA/rc5_nonproduction/fixture_pvbad/USR/SSV Integrated Project/C1/Shared/A/varexp/plc_m_varexp.csv,2583,CSV Fixture/Result,Minimal reproducible synthetic QA fixture,LOW_SYNTHETIC_OR_GENERATED,YES,YES,TRACK_IN_GIT,Canonical synthetic Phase 3 fixture; no credential/endpoint pattern detected
05_QA/rc5_nonproduction/fixture_pvbad/USR/SSV Integrated Project/C1/Shared/B/histo/G02_histo.csv,75,CSV Fixture/Result,Minimal reproducible synthetic QA fixture,LOW_SYNTHETIC_OR_GENERATED,YES,YES,TRACK_IN_GIT,Canonical synthetic Phase 3 fixture; no credential/endpoint pattern detected
05_QA/rc5_nonproduction/fixture_pvbad/USR/SSV Integrated Project/C1/Shared/B/varexp/G03_varexp.csv,63,CSV Fixture/Result,Minimal reproducible synthetic QA fixture,LOW_SYNTHETIC_OR_GENERATED,YES,YES,TRACK_IN_GIT,Canonical synthetic Phase 3 fixture; no credential/endpoint pattern detected
05_QA/rc5_nonproduction/fixture_pvbad/USR/SSV Integrated Project/C1/Shared/C/histo/C11_histo.csv,75,CSV Fixture/Result,Minimal reproducible synthetic QA fixture,LOW_SYNTHETIC_OR_GENERATED,YES,YES,TRACK_IN_GIT,Canonical synthetic Phase 3 fixture; no credential/endpoint pattern detected
05_QA/rc5_nonproduction/fixture_pvbad/USR/SSV Integrated Project/C1/Shared/C/varexp/BFU_varexp.csv,70000,CSV Fixture/Result,Minimal reproducible synthetic QA fixture,LOW_SYNTHETIC_OR_GENERATED,YES,YES,TRACK_IN_GIT,Canonical synthetic Phase 3 fixture; no credential/endpoint pattern detected
05_QA/rc5_nonproduction/fixture_pvbad/USR/SSV Integrated Project/C1/Shared/ELEC/histo/E02_histo.csv,75,CSV Fixture/Result,Minimal reproducible synthetic QA fixture,LOW_SYNTHETIC_OR_GENERATED,YES,YES,TRACK_IN_GIT,Canonical synthetic Phase 3 fixture; no credential/endpoint pattern detected
05_QA/rc5_nonproduction/fixture_pvbad/USR/SSV Integrated Project/C1/Shared/ELEC/varexp/E02_varexp.csv,38,CSV Fixture/Result,Minimal reproducible synthetic QA fixture,LOW_SYNTHETIC_OR_GENERATED,YES,YES,TRACK_IN_GIT,Canonical synthetic Phase 3 fixture; no credential/endpoint pattern detected
05_QA/rc5_nonproduction/fixture_pvbad/USR/SSV Integrated Project/C1/Shared/varexp_main.csv,2552,CSV Fixture/Result,Minimal reproducible synthetic QA fixture,LOW_SYNTHETIC_OR_GENERATED,YES,YES,TRACK_IN_GIT,Canonical synthetic Phase 3 fixture; no credential/endpoint pattern detected
05_QA/rc5_nonproduction/fixture_pvbad/USR/SSV Integrated Project/TP/PvTrend_AggregatedStatistics_202506121757.csv,203,CSV Fixture/Result,Minimal reproducible synthetic QA fixture,LOW_SYNTHETIC_OR_GENERATED,YES,YES,TRACK_IN_GIT,Canonical synthetic Phase 3 fixture; no credential/endpoint pattern detected
05_QA/rc5_nonproduction/fixture_sensitive/DO_NOT_READ.dat,38,Negative-access Fixture,Generated/duplicated QA or release artifact,TEST_RISK_PRESENT,YES,NO,IGNORE_GENERATED,Synthetic sensitive sentinel scenario; do not retain credential-like fixture
05_QA/rc5_nonproduction/fixture_sensitive/DO_NOT_READ.xlsx,39,Negative-access Fixture,Generated/duplicated QA or release artifact,TEST_RISK_PRESENT,YES,NO,IGNORE_GENERATED,Synthetic sensitive sentinel scenario; do not retain credential-like fixture
05_QA/rc5_nonproduction/fixture_sensitive/DO_NOT_READ.xml,38,Negative-access Fixture,Generated/duplicated QA or release artifact,TEST_RISK_PRESENT,YES,NO,IGNORE_GENERATED,Synthetic sensitive sentinel scenario; do not retain credential-like fixture
05_QA/rc5_nonproduction/fixture_sensitive/UNAPPROVED_SENTINEL.csv,34,CSV Fixture/Result,Generated/duplicated QA or release artifact,TEST_RISK_PRESENT,YES,NO,IGNORE_GENERATED,Synthetic sensitive sentinel scenario; do not retain credential-like fixture
05_QA/rc5_nonproduction/fixture_sensitive/USR/SSV Integrated Project/C1/Server Station/histo_log.csv,75,CSV Fixture/Result,Generated/duplicated QA or release artifact,TEST_RISK_PRESENT,YES,NO,IGNORE_GENERATED,Synthetic sensitive sentinel scenario; do not retain credential-like fixture
05_QA/rc5_nonproduction/fixture_sensitive/USR/SSV Integrated Project/C1/Shared/A/histo/plc_w_histo.csv,75,CSV Fixture/Result,Generated/duplicated QA or release artifact,TEST_RISK_PRESENT,YES,NO,IGNORE_GENERATED,Synthetic sensitive sentinel scenario; do not retain credential-like fixture
05_QA/rc5_nonproduction/fixture_sensitive/USR/SSV Integrated Project/C1/Shared/A/varexp/plc_m_varexp.csv,2583,CSV Fixture/Result,Generated/duplicated QA or release artifact,TEST_RISK_PRESENT,YES,NO,IGNORE_GENERATED,Synthetic sensitive sentinel scenario; do not retain credential-like fixture
05_QA/rc5_nonproduction/fixture_sensitive/USR/SSV Integrated Project/C1/Shared/B/histo/G02_histo.csv,75,CSV Fixture/Result,Generated/duplicated QA or release artifact,TEST_RISK_PRESENT,YES,NO,IGNORE_GENERATED,Synthetic sensitive sentinel scenario; do not retain credential-like fixture
05_QA/rc5_nonproduction/fixture_sensitive/USR/SSV Integrated Project/C1/Shared/B/varexp/G03_varexp.csv,63,CSV Fixture/Result,Generated/duplicated QA or release artifact,TEST_RISK_PRESENT,YES,NO,IGNORE_GENERATED,Synthetic sensitive sentinel scenario; do not retain credential-like fixture
05_QA/rc5_nonproduction/fixture_sensitive/USR/SSV Integrated Project/C1/Shared/C/histo/C11_histo.csv,75,CSV Fixture/Result,Generated/duplicated QA or release artifact,TEST_RISK_PRESENT,YES,NO,IGNORE_GENERATED,Synthetic sensitive sentinel scenario; do not retain credential-like fixture
05_QA/rc5_nonproduction/fixture_sensitive/USR/SSV Integrated Project/C1/Shared/C/varexp/BFU_varexp.csv,70000,CSV Fixture/Result,Generated/duplicated QA or release artifact,TEST_RISK_PRESENT,YES,NO,IGNORE_GENERATED,Synthetic sensitive sentinel scenario; do not retain credential-like fixture
05_QA/rc5_nonproduction/fixture_sensitive/USR/SSV Integrated Project/C1/Shared/ELEC/histo/E02_histo.csv,75,CSV Fixture/Result,Generated/duplicated QA or release artifact,TEST_RISK_PRESENT,YES,NO,IGNORE_GENERATED,Synthetic sensitive sentinel scenario; do not retain credential-like fixture
05_QA/rc5_nonproduction/fixture_sensitive/USR/SSV Integrated Project/C1/Shared/ELEC/varexp/E02_varexp.csv,38,CSV Fixture/Result,Generated/duplicated QA or release artifact,TEST_RISK_PRESENT,YES,NO,IGNORE_GENERATED,Synthetic sensitive sentinel scenario; do not retain credential-like fixture
05_QA/rc5_nonproduction/fixture_sensitive/USR/SSV Integrated Project/C1/Shared/varexp_main.csv,2576,CSV Fixture/Result,Generated/duplicated QA or release artifact,TEST_RISK_PRESENT,YES,NO,IGNORE_GENERATED,Synthetic sensitive sentinel scenario; do not retain credential-like fixture
05_QA/rc5_nonproduction/fixture_sensitive/USR/SSV Integrated Project/TP/PvTrend_AggregatedStatistics_202506121757.csv,229,CSV Fixture/Result,Generated/duplicated QA or release artifact,TEST_RISK_PRESENT,YES,NO,IGNORE_GENERATED,Synthetic sensitive sentinel scenario; do not retain credential-like fixture
05_QA/rc5_nonproduction/main/Project Files/DO_NOT_READ.dat,38,Negative-access Fixture,Generated/duplicated QA or release artifact,LOW_SYNTHETIC_OR_GENERATED,YES,NO,IGNORE_GENERATED,Execution copy duplicated from canonical fixture
05_QA/rc5_nonproduction/main/Project Files/DO_NOT_READ.xlsx,39,Negative-access Fixture,Generated/duplicated QA or release artifact,LOW_SYNTHETIC_OR_GENERATED,YES,NO,IGNORE_GENERATED,Execution copy duplicated from canonical fixture
05_QA/rc5_nonproduction/main/Project Files/DO_NOT_READ.xml,38,Negative-access Fixture,Generated/duplicated QA or release artifact,LOW_SYNTHETIC_OR_GENERATED,YES,NO,IGNORE_GENERATED,Execution copy duplicated from canonical fixture
05_QA/rc5_nonproduction/main/Project Files/UNAPPROVED_SENTINEL.csv,34,CSV Fixture/Result,Generated/duplicated QA or release artifact,LOW_SYNTHETIC_OR_GENERATED,YES,NO,IGNORE_GENERATED,Execution copy duplicated from canonical fixture
05_QA/rc5_nonproduction/main/Project Files/USR/SSV Integrated Project/C1/Server Station/histo_log.csv,75,CSV Fixture/Result,Generated/duplicated QA or release artifact,LOW_SYNTHETIC_OR_GENERATED,YES,NO,IGNORE_GENERATED,Execution copy duplicated from canonical fixture
05_QA/rc5_nonproduction/main/Project Files/USR/SSV Integrated Project/C1/Shared/A/histo/plc_w_histo.csv,75,CSV Fixture/Result,Generated/duplicated QA or release artifact,LOW_SYNTHETIC_OR_GENERATED,YES,NO,IGNORE_GENERATED,Execution copy duplicated from canonical fixture
05_QA/rc5_nonproduction/main/Project Files/USR/SSV Integrated Project/C1/Shared/A/varexp/plc_m_varexp.csv,2583,CSV Fixture/Result,Generated/duplicated QA or release artifact,LOW_SYNTHETIC_OR_GENERATED,YES,NO,IGNORE_GENERATED,Execution copy duplicated from canonical fixture
05_QA/rc5_nonproduction/main/Project Files/USR/SSV Integrated Project/C1/Shared/B/histo/G02_histo.csv,75,CSV Fixture/Result,Generated/duplicated QA or release artifact,LOW_SYNTHETIC_OR_GENERATED,YES,NO,IGNORE_GENERATED,Execution copy duplicated from canonical fixture
05_QA/rc5_nonproduction/main/Project Files/USR/SSV Integrated Project/C1/Shared/B/varexp/G03_varexp.csv,63,CSV Fixture/Result,Generated/duplicated QA or release artifact,LOW_SYNTHETIC_OR_GENERATED,YES,NO,IGNORE_GENERATED,Execution copy duplicated from canonical fixture
05_QA/rc5_nonproduction/main/Project Files/USR/SSV Integrated Project/C1/Shared/C/histo/C11_histo.csv,75,CSV Fixture/Result,Generated/duplicated QA or release artifact,LOW_SYNTHETIC_OR_GENERATED,YES,NO,IGNORE_GENERATED,Execution copy duplicated from canonical fixture
05_QA/rc5_nonproduction/main/Project Files/USR/SSV Integrated Project/C1/Shared/C/varexp/BFU_varexp.csv,70000,CSV Fixture/Result,Generated/duplicated QA or release artifact,LOW_SYNTHETIC_OR_GENERATED,YES,NO,IGNORE_GENERATED,Execution copy duplicated from canonical fixture
05_QA/rc5_nonproduction/main/Project Files/USR/SSV Integrated Project/C1/Shared/ELEC/histo/E02_histo.csv,75,CSV Fixture/Result,Generated/duplicated QA or release artifact,LOW_SYNTHETIC_OR_GENERATED,YES,NO,IGNORE_GENERATED,Execution copy duplicated from canonical fixture
05_QA/rc5_nonproduction/main/Project Files/USR/SSV Integrated Project/C1/Shared/ELEC/varexp/E02_varexp.csv,38,CSV Fixture/Result,Generated/duplicated QA or release artifact,LOW_SYNTHETIC_OR_GENERATED,YES,NO,IGNORE_GENERATED,Execution copy duplicated from canonical fixture
05_QA/rc5_nonproduction/main/Project Files/USR/SSV Integrated Project/C1/Shared/varexp_main.csv,2552,CSV Fixture/Result,Generated/duplicated QA or release artifact,LOW_SYNTHETIC_OR_GENERATED,YES,NO,IGNORE_GENERATED,Execution copy duplicated from canonical fixture
05_QA/rc5_nonproduction/main/Project Files/USR/SSV Integrated Project/TP/PvTrend_AggregatedStatistics_202506121757.csv,229,CSV Fixture/Result,Generated/duplicated QA or release artifact,LOW_SYNTHETIC_OR_GENERATED,YES,NO,IGNORE_GENERATED,Execution copy duplicated from canonical fixture
05_QA/rc5_nonproduction/pvbad/Project Files/DO_NOT_READ.dat,38,Negative-access Fixture,Generated/duplicated QA or release artifact,LOW_SYNTHETIC_OR_GENERATED,YES,NO,IGNORE_GENERATED,Execution copy duplicated from canonical fixture
05_QA/rc5_nonproduction/pvbad/Project Files/DO_NOT_READ.xlsx,39,Negative-access Fixture,Generated/duplicated QA or release artifact,LOW_SYNTHETIC_OR_GENERATED,YES,NO,IGNORE_GENERATED,Execution copy duplicated from canonical fixture
05_QA/rc5_nonproduction/pvbad/Project Files/DO_NOT_READ.xml,38,Negative-access Fixture,Generated/duplicated QA or release artifact,LOW_SYNTHETIC_OR_GENERATED,YES,NO,IGNORE_GENERATED,Execution copy duplicated from canonical fixture
05_QA/rc5_nonproduction/pvbad/Project Files/UNAPPROVED_SENTINEL.csv,34,CSV Fixture/Result,Generated/duplicated QA or release artifact,LOW_SYNTHETIC_OR_GENERATED,YES,NO,IGNORE_GENERATED,Execution copy duplicated from canonical fixture
05_QA/rc5_nonproduction/pvbad/Project Files/USR/SSV Integrated Project/C1/Server Station/histo_log.csv,75,CSV Fixture/Result,Generated/duplicated QA or release artifact,LOW_SYNTHETIC_OR_GENERATED,YES,NO,IGNORE_GENERATED,Execution copy duplicated from canonical fixture
05_QA/rc5_nonproduction/pvbad/Project Files/USR/SSV Integrated Project/C1/Shared/A/histo/plc_w_histo.csv,75,CSV Fixture/Result,Generated/duplicated QA or release artifact,LOW_SYNTHETIC_OR_GENERATED,YES,NO,IGNORE_GENERATED,Execution copy duplicated from canonical fixture
05_QA/rc5_nonproduction/pvbad/Project Files/USR/SSV Integrated Project/C1/Shared/A/varexp/plc_m_varexp.csv,2583,CSV Fixture/Result,Generated/duplicated QA or release artifact,LOW_SYNTHETIC_OR_GENERATED,YES,NO,IGNORE_GENERATED,Execution copy duplicated from canonical fixture
05_QA/rc5_nonproduction/pvbad/Project Files/USR/SSV Integrated Project/C1/Shared/B/histo/G02_histo.csv,75,CSV Fixture/Result,Generated/duplicated QA or release artifact,LOW_SYNTHETIC_OR_GENERATED,YES,NO,IGNORE_GENERATED,Execution copy duplicated from canonical fixture
05_QA/rc5_nonproduction/pvbad/Project Files/USR/SSV Integrated Project/C1/Shared/B/varexp/G03_varexp.csv,63,CSV Fixture/Result,Generated/duplicated QA or release artifact,LOW_SYNTHETIC_OR_GENERATED,YES,NO,IGNORE_GENERATED,Execution copy duplicated from canonical fixture
05_QA/rc5_nonproduction/pvbad/Project Files/USR/SSV Integrated Project/C1/Shared/C/histo/C11_histo.csv,75,CSV Fixture/Result,Generated/duplicated QA or release artifact,LOW_SYNTHETIC_OR_GENERATED,YES,NO,IGNORE_GENERATED,Execution copy duplicated from canonical fixture
05_QA/rc5_nonproduction/pvbad/Project Files/USR/SSV Integrated Project/C1/Shared/C/varexp/BFU_varexp.csv,70000,CSV Fixture/Result,Generated/duplicated QA or release artifact,LOW_SYNTHETIC_OR_GENERATED,YES,NO,IGNORE_GENERATED,Execution copy duplicated from canonical fixture
05_QA/rc5_nonproduction/pvbad/Project Files/USR/SSV Integrated Project/C1/Shared/ELEC/histo/E02_histo.csv,75,CSV Fixture/Result,Generated/duplicated QA or release artifact,LOW_SYNTHETIC_OR_GENERATED,YES,NO,IGNORE_GENERATED,Execution copy duplicated from canonical fixture
05_QA/rc5_nonproduction/pvbad/Project Files/USR/SSV Integrated Project/C1/Shared/ELEC/varexp/E02_varexp.csv,38,CSV Fixture/Result,Generated/duplicated QA or release artifact,LOW_SYNTHETIC_OR_GENERATED,YES,NO,IGNORE_GENERATED,Execution copy duplicated from canonical fixture
05_QA/rc5_nonproduction/pvbad/Project Files/USR/SSV Integrated Project/C1/Shared/varexp_main.csv,2552,CSV Fixture/Result,Generated/duplicated QA or release artifact,LOW_SYNTHETIC_OR_GENERATED,YES,NO,IGNORE_GENERATED,Execution copy duplicated from canonical fixture
05_QA/rc5_nonproduction/pvbad/Project Files/USR/SSV Integrated Project/TP/PvTrend_AggregatedStatistics_202506121757.csv,203,CSV Fixture/Result,Generated/duplicated QA or release artifact,LOW_SYNTHETIC_OR_GENERATED,YES,NO,IGNORE_GENERATED,Execution copy duplicated from canonical fixture
05_QA/rc5_nonproduction/sensitive/Project Files/DO_NOT_READ.dat,38,Negative-access Fixture,Generated/duplicated QA or release artifact,TEST_RISK_PRESENT,YES,NO,IGNORE_GENERATED,Synthetic sensitive sentinel scenario; do not retain credential-like fixture
05_QA/rc5_nonproduction/sensitive/Project Files/DO_NOT_READ.xlsx,39,Negative-access Fixture,Generated/duplicated QA or release artifact,TEST_RISK_PRESENT,YES,NO,IGNORE_GENERATED,Synthetic sensitive sentinel scenario; do not retain credential-like fixture
05_QA/rc5_nonproduction/sensitive/Project Files/DO_NOT_READ.xml,38,Negative-access Fixture,Generated/duplicated QA or release artifact,TEST_RISK_PRESENT,YES,NO,IGNORE_GENERATED,Synthetic sensitive sentinel scenario; do not retain credential-like fixture
05_QA/rc5_nonproduction/sensitive/Project Files/UNAPPROVED_SENTINEL.csv,34,CSV Fixture/Result,Generated/duplicated QA or release artifact,TEST_RISK_PRESENT,YES,NO,IGNORE_GENERATED,Synthetic sensitive sentinel scenario; do not retain credential-like fixture
05_QA/rc5_nonproduction/sensitive/Project Files/USR/SSV Integrated Project/C1/Server Station/histo_log.csv,75,CSV Fixture/Result,Generated/duplicated QA or release artifact,TEST_RISK_PRESENT,YES,NO,IGNORE_GENERATED,Synthetic sensitive sentinel scenario; do not retain credential-like fixture
05_QA/rc5_nonproduction/sensitive/Project Files/USR/SSV Integrated Project/C1/Shared/A/histo/plc_w_histo.csv,75,CSV Fixture/Result,Generated/duplicated QA or release artifact,TEST_RISK_PRESENT,YES,NO,IGNORE_GENERATED,Synthetic sensitive sentinel scenario; do not retain credential-like fixture
05_QA/rc5_nonproduction/sensitive/Project Files/USR/SSV Integrated Project/C1/Shared/A/varexp/plc_m_varexp.csv,2583,CSV Fixture/Result,Generated/duplicated QA or release artifact,TEST_RISK_PRESENT,YES,NO,IGNORE_GENERATED,Synthetic sensitive sentinel scenario; do not retain credential-like fixture
05_QA/rc5_nonproduction/sensitive/Project Files/USR/SSV Integrated Project/C1/Shared/B/histo/G02_histo.csv,75,CSV Fixture/Result,Generated/duplicated QA or release artifact,TEST_RISK_PRESENT,YES,NO,IGNORE_GENERATED,Synthetic sensitive sentinel scenario; do not retain credential-like fixture
05_QA/rc5_nonproduction/sensitive/Project Files/USR/SSV Integrated Project/C1/Shared/B/varexp/G03_varexp.csv,63,CSV Fixture/Result,Generated/duplicated QA or release artifact,TEST_RISK_PRESENT,YES,NO,IGNORE_GENERATED,Synthetic sensitive sentinel scenario; do not retain credential-like fixture
05_QA/rc5_nonproduction/sensitive/Project Files/USR/SSV Integrated Project/C1/Shared/C/histo/C11_histo.csv,75,CSV Fixture/Result,Generated/duplicated QA or release artifact,TEST_RISK_PRESENT,YES,NO,IGNORE_GENERATED,Synthetic sensitive sentinel scenario; do not retain credential-like fixture
05_QA/rc5_nonproduction/sensitive/Project Files/USR/SSV Integrated Project/C1/Shared/C/varexp/BFU_varexp.csv,70000,CSV Fixture/Result,Generated/duplicated QA or release artifact,TEST_RISK_PRESENT,YES,NO,IGNORE_GENERATED,Synthetic sensitive sentinel scenario; do not retain credential-like fixture
05_QA/rc5_nonproduction/sensitive/Project Files/USR/SSV Integrated Project/C1/Shared/ELEC/histo/E02_histo.csv,75,CSV Fixture/Result,Generated/duplicated QA or release artifact,TEST_RISK_PRESENT,YES,NO,IGNORE_GENERATED,Synthetic sensitive sentinel scenario; do not retain credential-like fixture
05_QA/rc5_nonproduction/sensitive/Project Files/USR/SSV Integrated Project/C1/Shared/ELEC/varexp/E02_varexp.csv,38,CSV Fixture/Result,Generated/duplicated QA or release artifact,TEST_RISK_PRESENT,YES,NO,IGNORE_GENERATED,Synthetic sensitive sentinel scenario; do not retain credential-like fixture
05_QA/rc5_nonproduction/sensitive/Project Files/USR/SSV Integrated Project/C1/Shared/varexp_main.csv,2576,CSV Fixture/Result,Generated/duplicated QA or release artifact,TEST_RISK_PRESENT,YES,NO,IGNORE_GENERATED,Synthetic sensitive sentinel scenario; do not retain credential-like fixture
05_QA/rc5_nonproduction/sensitive/Project Files/USR/SSV Integrated Project/TP/PvTrend_AggregatedStatistics_202506121757.csv,229,CSV Fixture/Result,Generated/duplicated QA or release artifact,TEST_RISK_PRESENT,YES,NO,IGNORE_GENERATED,Synthetic sensitive sentinel scenario; do not retain credential-like fixture
05_QA/varexp_limited_pilot_rc1/BEFORE_HASHES.json,5324,QA Intermediate,Generated/duplicated QA or release artifact,LOW_SYNTHETIC_OR_GENERATED,YES,N/A,IGNORE_GENERATED,Validation intermediate
05_QA/varexp_limited_pilot_rc1/byteBoundary/ProjectRoot/NO_ACCESS.dat,24,Negative-access Fixture,Minimal reproducible synthetic QA fixture,LOW_SYNTHETIC_OR_GENERATED,YES,YES,TRACK_IN_GIT,Canonical synthetic Phase 4 boundary fixture
05_QA/varexp_limited_pilot_rc1/byteBoundary/ProjectRoot/NO_ACCESS.xlsx,25,Negative-access Fixture,Minimal reproducible synthetic QA fixture,LOW_SYNTHETIC_OR_GENERATED,YES,YES,TRACK_IN_GIT,Canonical synthetic Phase 4 boundary fixture
05_QA/varexp_limited_pilot_rc1/byteBoundary/ProjectRoot/NO_ACCESS.xml,24,Negative-access Fixture,Minimal reproducible synthetic QA fixture,LOW_SYNTHETIC_OR_GENERATED,YES,YES,TRACK_IN_GIT,Canonical synthetic Phase 4 boundary fixture
05_QA/varexp_limited_pilot_rc1/byteBoundary/ProjectRoot/UNAPPROVED_VAREXP.csv,29,CSV Fixture/Result,Minimal reproducible synthetic QA fixture,LOW_SYNTHETIC_OR_GENERATED,YES,YES,TRACK_IN_GIT,Canonical synthetic Phase 4 boundary fixture
05_QA/varexp_limited_pilot_rc1/byteBoundary/ProjectRoot/USR/SSV Integrated Project/C1/Shared/A/varexp/plc_m_varexp.csv,11828,CSV Fixture/Result,Minimal reproducible synthetic QA fixture,LOW_SYNTHETIC_OR_GENERATED,YES,YES,TRACK_IN_GIT,Canonical synthetic Phase 4 boundary fixture
05_QA/varexp_limited_pilot_rc1/byteBoundary/ProjectRoot/USR/SSV Integrated Project/C1/Shared/B/varexp/G03_varexp.csv,11775,CSV Fixture/Result,Minimal reproducible synthetic QA fixture,LOW_SYNTHETIC_OR_GENERATED,YES,YES,TRACK_IN_GIT,Canonical synthetic Phase 4 boundary fixture
05_QA/varexp_limited_pilot_rc1/byteBoundary/ProjectRoot/USR/SSV Integrated Project/C1/Shared/C/varexp/BFU_varexp.csv,11775,CSV Fixture/Result,Minimal reproducible synthetic QA fixture,LOW_SYNTHETIC_OR_GENERATED,YES,YES,TRACK_IN_GIT,Canonical synthetic Phase 4 boundary fixture
05_QA/varexp_limited_pilot_rc1/byteBoundary/ProjectRoot/USR/SSV Integrated Project/C1/Shared/ELEC/varexp/E02_varexp.csv,11775,CSV Fixture/Result,Minimal reproducible synthetic QA fixture,LOW_SYNTHETIC_OR_GENERATED,YES,YES,TRACK_IN_GIT,Canonical synthetic Phase 4 boundary fixture
05_QA/varexp_limited_pilot_rc1/byteBoundary/ProjectRoot/USR/SSV Integrated Project/C1/Shared/varexp_main.csv,281732,CSV Fixture/Result,Minimal reproducible synthetic QA fixture,LOW_SYNTHETIC_OR_GENERATED,YES,YES,TRACK_IN_GIT,Canonical synthetic Phase 4 boundary fixture
05_QA/varexp_limited_pilot_rc1/globalBoundary/ProjectRoot/NO_ACCESS.dat,24,Negative-access Fixture,Minimal reproducible synthetic QA fixture,LOW_SYNTHETIC_OR_GENERATED,YES,YES,TRACK_IN_GIT,Canonical synthetic Phase 4 boundary fixture
05_QA/varexp_limited_pilot_rc1/globalBoundary/ProjectRoot/NO_ACCESS.xlsx,25,Negative-access Fixture,Minimal reproducible synthetic QA fixture,LOW_SYNTHETIC_OR_GENERATED,YES,YES,TRACK_IN_GIT,Canonical synthetic Phase 4 boundary fixture
05_QA/varexp_limited_pilot_rc1/globalBoundary/ProjectRoot/NO_ACCESS.xml,24,Negative-access Fixture,Minimal reproducible synthetic QA fixture,LOW_SYNTHETIC_OR_GENERATED,YES,YES,TRACK_IN_GIT,Canonical synthetic Phase 4 boundary fixture
05_QA/varexp_limited_pilot_rc1/globalBoundary/ProjectRoot/UNAPPROVED_VAREXP.csv,29,CSV Fixture/Result,Minimal reproducible synthetic QA fixture,LOW_SYNTHETIC_OR_GENERATED,YES,YES,TRACK_IN_GIT,Canonical synthetic Phase 4 boundary fixture
05_QA/varexp_limited_pilot_rc1/globalBoundary/ProjectRoot/USR/SSV Integrated Project/C1/Shared/A/varexp/plc_m_varexp.csv,11828,CSV Fixture/Result,Minimal reproducible synthetic QA fixture,LOW_SYNTHETIC_OR_GENERATED,YES,YES,TRACK_IN_GIT,Canonical synthetic Phase 4 boundary fixture
05_QA/varexp_limited_pilot_rc1/globalBoundary/ProjectRoot/USR/SSV Integrated Project/C1/Shared/B/varexp/G03_varexp.csv,11775,CSV Fixture/Result,Minimal reproducible synthetic QA fixture,LOW_SYNTHETIC_OR_GENERATED,YES,YES,TRACK_IN_GIT,Canonical synthetic Phase 4 boundary fixture
05_QA/varexp_limited_pilot_rc1/globalBoundary/ProjectRoot/USR/SSV Integrated Project/C1/Shared/C/varexp/BFU_varexp.csv,11775,CSV Fixture/Result,Minimal reproducible synthetic QA fixture,LOW_SYNTHETIC_OR_GENERATED,YES,YES,TRACK_IN_GIT,Canonical synthetic Phase 4 boundary fixture
05_QA/varexp_limited_pilot_rc1/globalBoundary/ProjectRoot/USR/SSV Integrated Project/C1/Shared/ELEC/varexp/E02_varexp.csv,11792,CSV Fixture/Result,Minimal reproducible synthetic QA fixture,LOW_SYNTHETIC_OR_GENERATED,YES,YES,TRACK_IN_GIT,Canonical synthetic Phase 4 boundary fixture
05_QA/varexp_limited_pilot_rc1/globalBoundary/ProjectRoot/USR/SSV Integrated Project/C1/Shared/varexp_main.csv,11726,CSV Fixture/Result,Minimal reproducible synthetic QA fixture,LOW_SYNTHETIC_OR_GENERATED,YES,YES,TRACK_IN_GIT,Canonical synthetic Phase 4 boundary fixture
05_QA/varexp_limited_pilot_rc1/malformed/ProjectRoot/NO_ACCESS.dat,24,Negative-access Fixture,Minimal reproducible synthetic QA fixture,LOW_SYNTHETIC_OR_GENERATED,YES,YES,TRACK_IN_GIT,Canonical synthetic Phase 4 boundary fixture
05_QA/varexp_limited_pilot_rc1/malformed/ProjectRoot/NO_ACCESS.xlsx,25,Negative-access Fixture,Minimal reproducible synthetic QA fixture,LOW_SYNTHETIC_OR_GENERATED,YES,YES,TRACK_IN_GIT,Canonical synthetic Phase 4 boundary fixture
05_QA/varexp_limited_pilot_rc1/malformed/ProjectRoot/NO_ACCESS.xml,24,Negative-access Fixture,Minimal reproducible synthetic QA fixture,LOW_SYNTHETIC_OR_GENERATED,YES,YES,TRACK_IN_GIT,Canonical synthetic Phase 4 boundary fixture
05_QA/varexp_limited_pilot_rc1/malformed/ProjectRoot/UNAPPROVED_VAREXP.csv,29,CSV Fixture/Result,Minimal reproducible synthetic QA fixture,LOW_SYNTHETIC_OR_GENERATED,YES,YES,TRACK_IN_GIT,Canonical synthetic Phase 4 boundary fixture
05_QA/varexp_limited_pilot_rc1/malformed/ProjectRoot/USR/SSV Integrated Project/C1/Shared/A/varexp/plc_m_varexp.csv,11828,CSV Fixture/Result,Minimal reproducible synthetic QA fixture,LOW_SYNTHETIC_OR_GENERATED,YES,YES,TRACK_IN_GIT,Canonical synthetic Phase 4 boundary fixture
05_QA/varexp_limited_pilot_rc1/malformed/ProjectRoot/USR/SSV Integrated Project/C1/Shared/B/varexp/G03_varexp.csv,11774,CSV Fixture/Result,Minimal reproducible synthetic QA fixture,LOW_SYNTHETIC_OR_GENERATED,YES,YES,TRACK_IN_GIT,Canonical synthetic Phase 4 boundary fixture
05_QA/varexp_limited_pilot_rc1/malformed/ProjectRoot/USR/SSV Integrated Project/C1/Shared/C/varexp/BFU_varexp.csv,11781,CSV Fixture/Result,Minimal reproducible synthetic QA fixture,LOW_SYNTHETIC_OR_GENERATED,YES,YES,TRACK_IN_GIT,Canonical synthetic Phase 4 boundary fixture
05_QA/varexp_limited_pilot_rc1/malformed/ProjectRoot/USR/SSV Integrated Project/C1/Shared/ELEC/varexp/E02_varexp.csv,11775,CSV Fixture/Result,Minimal reproducible synthetic QA fixture,LOW_SYNTHETIC_OR_GENERATED,YES,YES,TRACK_IN_GIT,Canonical synthetic Phase 4 boundary fixture
05_QA/varexp_limited_pilot_rc1/malformed/ProjectRoot/USR/SSV Integrated Project/C1/Shared/varexp_main.csv,11726,CSV Fixture/Result,Minimal reproducible synthetic QA fixture,LOW_SYNTHETIC_OR_GENERATED,YES,YES,TRACK_IN_GIT,Canonical synthetic Phase 4 boundary fixture
05_QA/varexp_limited_pilot_rc1/PilotConfig_GlobalBoundary.psd1,1036,QA Script/Config,Reproducible QA configuration,TEST_RISK_PRESENT,YES,N/A,TRACK_IN_GIT,Boundary fixture configuration required for reproducible QA
05_QA/varexp_limited_pilot_rc1/positive/ProjectRoot/NO_ACCESS.dat,24,Negative-access Fixture,Minimal reproducible synthetic QA fixture,LOW_SYNTHETIC_OR_GENERATED,YES,YES,TRACK_IN_GIT,Canonical synthetic Phase 4 boundary fixture
05_QA/varexp_limited_pilot_rc1/positive/ProjectRoot/NO_ACCESS.xlsx,25,Negative-access Fixture,Minimal reproducible synthetic QA fixture,LOW_SYNTHETIC_OR_GENERATED,YES,YES,TRACK_IN_GIT,Canonical synthetic Phase 4 boundary fixture
05_QA/varexp_limited_pilot_rc1/positive/ProjectRoot/NO_ACCESS.xml,24,Negative-access Fixture,Minimal reproducible synthetic QA fixture,LOW_SYNTHETIC_OR_GENERATED,YES,YES,TRACK_IN_GIT,Canonical synthetic Phase 4 boundary fixture
05_QA/varexp_limited_pilot_rc1/positive/ProjectRoot/UNAPPROVED_VAREXP.csv,29,CSV Fixture/Result,Minimal reproducible synthetic QA fixture,LOW_SYNTHETIC_OR_GENERATED,YES,YES,TRACK_IN_GIT,Canonical synthetic Phase 4 boundary fixture
05_QA/varexp_limited_pilot_rc1/positive/ProjectRoot/USR/SSV Integrated Project/C1/Shared/A/varexp/plc_m_varexp.csv,11828,CSV Fixture/Result,Minimal reproducible synthetic QA fixture,LOW_SYNTHETIC_OR_GENERATED,YES,YES,TRACK_IN_GIT,Canonical synthetic Phase 4 boundary fixture
05_QA/varexp_limited_pilot_rc1/positive/ProjectRoot/USR/SSV Integrated Project/C1/Shared/B/varexp/G03_varexp.csv,11775,CSV Fixture/Result,Minimal reproducible synthetic QA fixture,LOW_SYNTHETIC_OR_GENERATED,YES,YES,TRACK_IN_GIT,Canonical synthetic Phase 4 boundary fixture
05_QA/varexp_limited_pilot_rc1/positive/ProjectRoot/USR/SSV Integrated Project/C1/Shared/C/varexp/BFU_varexp.csv,11775,CSV Fixture/Result,Minimal reproducible synthetic QA fixture,LOW_SYNTHETIC_OR_GENERATED,YES,YES,TRACK_IN_GIT,Canonical synthetic Phase 4 boundary fixture
05_QA/varexp_limited_pilot_rc1/positive/ProjectRoot/USR/SSV Integrated Project/C1/Shared/ELEC/varexp/E02_varexp.csv,11775,CSV Fixture/Result,Minimal reproducible synthetic QA fixture,LOW_SYNTHETIC_OR_GENERATED,YES,YES,TRACK_IN_GIT,Canonical synthetic Phase 4 boundary fixture
05_QA/varexp_limited_pilot_rc1/positive/ProjectRoot/USR/SSV Integrated Project/C1/Shared/varexp_main.csv,11715,CSV Fixture/Result,Minimal reproducible synthetic QA fixture,LOW_SYNTHETIC_OR_GENERATED,YES,YES,TRACK_IN_GIT,Canonical synthetic Phase 4 boundary fixture
05_QA/varexp_limited_pilot_rc1/sensitive/ProjectRoot/NO_ACCESS.dat,24,Negative-access Fixture,Generated/duplicated QA or release artifact,TEST_RISK_PRESENT,YES,NO,IGNORE_GENERATED,Synthetic sensitive sentinel scenario; runtime generation preferred
05_QA/varexp_limited_pilot_rc1/sensitive/ProjectRoot/NO_ACCESS.xlsx,25,Negative-access Fixture,Generated/duplicated QA or release artifact,TEST_RISK_PRESENT,YES,NO,IGNORE_GENERATED,Synthetic sensitive sentinel scenario; runtime generation preferred
05_QA/varexp_limited_pilot_rc1/sensitive/ProjectRoot/NO_ACCESS.xml,24,Negative-access Fixture,Generated/duplicated QA or release artifact,TEST_RISK_PRESENT,YES,NO,IGNORE_GENERATED,Synthetic sensitive sentinel scenario; runtime generation preferred
05_QA/varexp_limited_pilot_rc1/sensitive/ProjectRoot/UNAPPROVED_VAREXP.csv,29,CSV Fixture/Result,Generated/duplicated QA or release artifact,TEST_RISK_PRESENT,YES,NO,IGNORE_GENERATED,Synthetic sensitive sentinel scenario; runtime generation preferred
05_QA/varexp_limited_pilot_rc1/sensitive/ProjectRoot/USR/SSV Integrated Project/C1/Shared/A/varexp/plc_m_varexp.csv,11828,CSV Fixture/Result,Generated/duplicated QA or release artifact,TEST_RISK_PRESENT,YES,NO,IGNORE_GENERATED,Synthetic sensitive sentinel scenario; runtime generation preferred
05_QA/varexp_limited_pilot_rc1/sensitive/ProjectRoot/USR/SSV Integrated Project/C1/Shared/B/varexp/G03_varexp.csv,11775,CSV Fixture/Result,Generated/duplicated QA or release artifact,TEST_RISK_PRESENT,YES,NO,IGNORE_GENERATED,Synthetic sensitive sentinel scenario; runtime generation preferred
05_QA/varexp_limited_pilot_rc1/sensitive/ProjectRoot/USR/SSV Integrated Project/C1/Shared/C/varexp/BFU_varexp.csv,11775,CSV Fixture/Result,Generated/duplicated QA or release artifact,TEST_RISK_PRESENT,YES,NO,IGNORE_GENERATED,Synthetic sensitive sentinel scenario; runtime generation preferred
05_QA/varexp_limited_pilot_rc1/sensitive/ProjectRoot/USR/SSV Integrated Project/C1/Shared/ELEC/varexp/E02_varexp.csv,11775,CSV Fixture/Result,Generated/duplicated QA or release artifact,TEST_RISK_PRESENT,YES,NO,IGNORE_GENERATED,Synthetic sensitive sentinel scenario; runtime generation preferred
05_QA/varexp_limited_pilot_rc1/sensitive/ProjectRoot/USR/SSV Integrated Project/C1/Shared/varexp_main.csv,11736,CSV Fixture/Result,Generated/duplicated QA or release artifact,TEST_RISK_PRESENT,YES,NO,IGNORE_GENERATED,Synthetic sensitive sentinel scenario; runtime generation preferred
07_Release/PCVue_CSV_Header_Sample_Collector_1.0.0-rc5.zip,11178,Release/QA ZIP,Generated/duplicated QA or release artifact,LOW_SYNTHETIC_OR_GENERATED,YES,N/A,IGNORE_GENERATED,Binary ZIP is reproducible and belongs in future private GitHub Release assets
07_Release/PCVue_VAREXP_Limited_Tag_Pilot_1.0.0-rc1.zip,8814,Release/QA ZIP,Generated/duplicated QA or release artifact,LOW_SYNTHETIC_OR_GENERATED,YES,N/A,IGNORE_GENERATED,Binary ZIP is reproducible and belongs in future private GitHub Release assets
07_Release/PCVue_VAREXP_Minimal_Hierarchy_Pilot_1.0.0-rc1.zip,10094,Release/QA ZIP,Generated/duplicated QA or release artifact,LOW_SYNTHETIC_OR_GENERATED,YES,N/A,IGNORE_GENERATED,Binary ZIP is reproducible and belongs in future private GitHub Release assets
