PositionalColumnId,Position,varexp_main.csv_OriginalHeader,varexp_main.csv_NormalizedHeader,plc_m_varexp.csv_OriginalHeader,plc_m_varexp.csv_NormalizedHeader,G03_varexp.csv_OriginalHeader,G03_varexp.csv_NormalizedHeader,BFU_varexp.csv_OriginalHeader,BFU_varexp.csv_NormalizedHeader,E02_varexp.csv_OriginalHeader,E02_varexp.csv_NormalizedHeader,VariantGroup,Status,CandidateCanonicalName,AutomaticMergeAllowed,ManualReviewRequired
VAREXP_COL_001,1,Class,CLASS,Class,CLASS,Class,CLASS,Class,CLASS,Class,CLASS,COMMON_EXACT_VAREXP_COL_001,KNOWN_COMMON_HEADER,Class,TRUE,FALSE
VAREXP_COL_002,2,Tagname,TAGNAME,Tagname,TAGNAME,Tagname,TAGNAME,Tagname,TAGNAME,Tagname,TAGNAME,COMMON_EXACT_VAREXP_COL_002,KNOWN_COMMON_HEADER,Tagname,TRUE,FALSE
VAREXP_COL_003,3,n1,N1,n1(Factory),N1(FACTORY),n1(Factory),N1(FACTORY),n1(Factory),N1(FACTORY),n1(Factory),N1(FACTORY),QUALIFIER_REVIEW_VAREXP_COL_003,QUALIFIER_VARIANT,VAREXP_COL_003,FALSE,TRUE
VAREXP_COL_004,4,n2,N2,n2(System),N2(SYSTEM),n2(System),N2(SYSTEM),n2(System),N2(SYSTEM),n2(System),N2(SYSTEM),QUALIFIER_REVIEW_VAREXP_COL_004,QUALIFIER_VARIANT,VAREXP_COL_004,FALSE,TRUE
VAREXP_COL_005,5,n3,N3,n3(Name),N3(NAME),n3(Name),N3(NAME),n3(Name),N3(NAME),n3(Name),N3(NAME),QUALIFIER_REVIEW_VAREXP_COL_005,QUALIFIER_VARIANT,VAREXP_COL_005,FALSE,TRUE
VAREXP_COL_006,6,n4,N4,n4(Signal),N4(SIGNAL),n4(Signal),N4(SIGNAL),n4(Signal),N4(SIGNAL),n4(Signal),N4(SIGNAL),QUALIFIER_REVIEW_VAREXP_COL_006,QUALIFIER_VARIANT,VAREXP_COL_006,FALSE,TRUE
VAREXP_COL_007,7,n5,N5,n5(Detail),N5(DETAIL),n5(Detail),N5(DETAIL),n5(Detail),N5(DETAIL),n5(Detail),N5(DETAIL),QUALIFIER_REVIEW_VAREXP_COL_007,QUALIFIER_VARIANT,VAREXP_COL_007,FALSE,TRUE
VAREXP_COL_008,8,n6,N6,n6(In1),N6(IN1),n6(In1),N6(IN1),n6(In1),N6(IN1),n6(In1),N6(IN1),QUALIFIER_REVIEW_VAREXP_COL_008,QUALIFIER_VARIANT,VAREXP_COL_008,FALSE,TRUE
VAREXP_COL_009,9,n7,N7,n7(In2),N7(IN2),n7(In2),N7(IN2),n7(In2),N7(IN2),n7(In2),N7(IN2),QUALIFIER_REVIEW_VAREXP_COL_009,QUALIFIER_VARIANT,VAREXP_COL_009,FALSE,TRUE
VAREXP_COL_010,10,n8,N8,n8,N8,n8,N8,n8,N8,n8,N8,COMMON_EXACT_VAREXP_COL_010,KNOWN_COMMON_HEADER,n8,TRUE,FALSE
VAREXP_COL_011,11,n9,N9,n9,N9,n9,N9,n9,N9,n9,N9,COMMON_EXACT_VAREXP_COL_011,KNOWN_COMMON_HEADER,n9,TRUE,FALSE
VAREXP_COL_012,12,n10,N10,n10,N10,n10,N10,n10,N10,n10,N10,COMMON_EXACT_VAREXP_COL_012,KNOWN_COMMON_HEADER,n10,TRUE,FALSE
VAREXP_COL_013,13,n11,N11,n11,N11,n11,N11,n11,N11,n11,N11,COMMON_EXACT_VAREXP_COL_013,KNOWN_COMMON_HEADER,n11,TRUE,FALSE
VAREXP_COL_014,14,n12,N12,n12,N12,n12,N12,n12,N12,n12,N12,COMMON_EXACT_VAREXP_COL_014,KNOWN_COMMON_HEADER,n12,TRUE,FALSE
VAREXP_COL_015,15,,,,,,,,,,,EMPTY_POSITION_VAREXP_COL_015,RESERVED_CANDIDATE_UNCONFIRMED,VAREXP_COL_015,FALSE,TRUE
VAREXP_COL_016,16,Description,DESCRIPTION,Description,DESCRIPTION,Description,DESCRIPTION,Description,DESCRIPTION,Description,DESCRIPTION,COMMON_EXACT_VAREXP_COL_016,KNOWN_COMMON_HEADER,Description,TRUE,FALSE
VAREXP_COL_017,17,DescriptionAlt,DESCRIPTIONALT,DescriptionAlt,DESCRIPTIONALT,DescriptionAlt,DESCRIPTIONALT,DescriptionAlt,DESCRIPTIONALT,DescriptionAlt,DESCRIPTIONALT,COMMON_EXACT_VAREXP_COL_017,KNOWN_COMMON_HEADER,DescriptionAlt,TRUE,FALSE
VAREXP_COL_018,18,Domain,DOMAIN,Domain,DOMAIN,Domain,DOMAIN,Domain,DOMAIN,Domain,DOMAIN,COMMON_EXACT_VAREXP_COL_018,KNOWN_COMMON_HEADER,Domain,TRUE,FALSE
VAREXP_COL_019,19,Nature,NATURE,Nature,NATURE,Nature,NATURE,Nature,NATURE,Nature,NATURE,COMMON_EXACT_VAREXP_COL_019,KNOWN_COMMON_HEADER,Nature,TRUE,FALSE
VAREXP_COL_020,20,Inhibited,INHIBITED,Inhibited,INHIBITED,Inhibited,INHIBITED,Inhibited,INHIBITED,Inhibited,INHIBITED,COMMON_EXACT_VAREXP_COL_020,KNOWN_COMMON_HEADER,Inhibited,TRUE,FALSE
VAREXP_COL_021,21,Simulated,SIMULATED,Simulated,SIMULATED,Simulated,SIMULATED,Simulated,SIMULATED,Simulated,SIMULATED,COMMON_EXACT_VAREXP_COL_021,KNOWN_COMMON_HEADER,Simulated,TRUE,FALSE
VAREXP_COL_022,22,Saved,SAVED,Saved,SAVED,Saved,SAVED,Saved,SAVED,Saved,SAVED,COMMON_EXACT_VAREXP_COL_022,KNOWN_COMMON_HEADER,Saved,TRUE,FALSE
VAREXP_COL_023,23,Source,SOURCE,Source,SOURCE,Source,SOURCE,Source,SOURCE,Source,SOURCE,COMMON_EXACT_VAREXP_COL_023,KNOWN_COMMON_HEADER,Source,TRUE,FALSE
VAREXP_COL_024,24,Broadcast,BROADCAST,Broadcast,BROADCAST,Broadcast,BROADCAST,Broadcast,BROADCAST,Broadcast,BROADCAST,COMMON_EXACT_VAREXP_COL_024,KNOWN_COMMON_HEADER,Broadcast,TRUE,FALSE
VAREXP_COL_025,25,StationOrAssociationNumber,STATIONORASSOCIATIONNUMBER,StationOrAssociationNumber,STATIONORASSOCIATIONNUMBER,StationOrAssociationNumber,STATIONORASSOCIATIONNUMBER,StationOrAssociationNumber,STATIONORASSOCIATIONNUMBER,StationOrAssociationNumber,STATIONORASSOCIATIONNUMBER,COMMON_EXACT_VAREXP_COL_025,KNOWN_COMMON_HEADER,StationOrAssociationNumber,TRUE,FALSE
VAREXP_COL_026,26,,,,,,,,,,,EMPTY_POSITION_VAREXP_COL_026,RESERVED_CANDIDATE_UNCONFIRMED,VAREXP_COL_026,FALSE,TRUE
VAREXP_COL_027,27,PermanentScan,PERMANENTSCAN,PermanentScan,PERMANENTSCAN,PermanentScan,PERMANENTSCAN,PermanentScan,PERMANENTSCAN,PermanentScan,PERMANENTSCAN,COMMON_EXACT_VAREXP_COL_027,KNOWN_COMMON_HEADER,PermanentScan,TRUE,FALSE
VAREXP_COL_028,28,,,,,,,,,,,EMPTY_POSITION_VAREXP_COL_028,RESERVED_CANDIDATE_UNCONFIRMED,VAREXP_COL_028,FALSE,TRUE
VAREXP_COL_029,29,UseExtendedAttributes,USEEXTENDEDATTRIBUTES,UseExtendedAttributes,USEEXTENDEDATTRIBUTES,UseExtendedAttributes,USEEXTENDEDATTRIBUTES,UseExtendedAttributes,USEEXTENDEDATTRIBUTES,UseExtendedAttributes,USEEXTENDEDATTRIBUTES,COMMON_EXACT_VAREXP_COL_029,KNOWN_COMMON_HEADER,UseExtendedAttributes,TRUE,FALSE
VAREXP_COL_030,30,,,,,,,,,,,EMPTY_POSITION_VAREXP_COL_030,RESERVED_CANDIDATE_UNCONFIRMED,VAREXP_COL_030,FALSE,TRUE
VAREXP_COL_031,31,,,,,,,,,,,EMPTY_POSITION_VAREXP_COL_031,RESERVED_CANDIDATE_UNCONFIRMED,VAREXP_COL_031,FALSE,TRUE
VAREXP_COL_032,32,,,,,,,,,,,EMPTY_POSITION_VAREXP_COL_032,RESERVED_CANDIDATE_UNCONFIRMED,VAREXP_COL_032,FALSE,TRUE
VAREXP_COL_033,33,,,,,,,,,,,EMPTY_POSITION_VAREXP_COL_033,RESERVED_CANDIDATE_UNCONFIRMED,VAREXP_COL_033,FALSE,TRUE
VAREXP_COL_034,34,ServerListName,SERVERLISTNAME,ServerListName,SERVERLISTNAME,ServerListName,SERVERLISTNAME,ServerListName,SERVERLISTNAME,ServerListName,SERVERLISTNAME,COMMON_EXACT_VAREXP_COL_034,KNOWN_COMMON_HEADER,ServerListName,TRUE,FALSE
VAREXP_COL_035,35,ClientListName,CLIENTLISTNAME,ClientListName,CLIENTLISTNAME,ClientListName,CLIENTLISTNAME,ClientListName,CLIENTLISTNAME,ClientListName,CLIENTLISTNAME,COMMON_EXACT_VAREXP_COL_035,KNOWN_COMMON_HEADER,ClientListName,TRUE,FALSE
VAREXP_COL_036,36,,,,,,,,,,,EMPTY_POSITION_VAREXP_COL_036,RESERVED_CANDIDATE_UNCONFIRMED,VAREXP_COL_036,FALSE,TRUE
VAREXP_COL_037,37,Eqt_NetworkName,EQT_NETWORKNAME,Eqt_NetworkName,EQT_NETWORKNAME,Eqt_NetworkName,EQT_NETWORKNAME,Eqt_NetworkName,EQT_NETWORKNAME,Eqt_NetworkName,EQT_NETWORKNAME,COMMON_EXACT_VAREXP_COL_037,KNOWN_COMMON_HEADER,Eqt_NetworkName,TRUE,FALSE
VAREXP_COL_038,38,Eqt_EqtName,EQT_EQTNAME,Eqt_EqtName,EQT_EQTNAME,Eqt_EqtName,EQT_EQTNAME,Eqt_EqtName,EQT_EQTNAME,Eqt_EqtName,EQT_EQTNAME,COMMON_EXACT_VAREXP_COL_038,KNOWN_COMMON_HEADER,Eqt_EqtName,TRUE,FALSE
VAREXP_COL_039,39,Eqt_FrameName,EQT_FRAMENAME,Eqt_FrameName,EQT_FRAMENAME,Eqt_FrameName,EQT_FRAMENAME,Eqt_FrameName,EQT_FRAMENAME,Eqt_FrameName,EQT_FRAMENAME,COMMON_EXACT_VAREXP_COL_039,KNOWN_COMMON_HEADER,Eqt_FrameName,TRUE,FALSE
VAREXP_COL_040,40,Eqt_Type,EQT_TYPE,Eqt_Type,EQT_TYPE,Eqt_Type,EQT_TYPE,Eqt_Type,EQT_TYPE,Eqt_Type,EQT_TYPE,COMMON_EXACT_VAREXP_COL_040,KNOWN_COMMON_HEADER,Eqt_Type,TRUE,FALSE
VAREXP_COL_041,41,Eqt_Index,EQT_INDEX,Eqt_Index,EQT_INDEX,Eqt_Index,EQT_INDEX,Eqt_Index,EQT_INDEX,Eqt_Index,EQT_INDEX,COMMON_EXACT_VAREXP_COL_041,KNOWN_COMMON_HEADER,Eqt_Index,TRUE,FALSE
VAREXP_COL_042,42,Eqt_IndexComp,EQT_INDEXCOMP,Eqt_IndexComp,EQT_INDEXCOMP,Eqt_IndexComp,EQT_INDEXCOMP,Eqt_IndexComp,EQT_INDEXCOMP,Eqt_IndexComp,EQT_INDEXCOMP,COMMON_EXACT_VAREXP_COL_042,KNOWN_COMMON_HEADER,Eqt_IndexComp,TRUE,FALSE
VAREXP_COL_043,43,Eqt_SizeBit,EQT_SIZEBIT,Eqt_SizeBit,EQT_SIZEBIT,Eqt_SizeBit,EQT_SIZEBIT,Eqt_SizeBit,EQT_SIZEBIT,Eqt_SizeBit,EQT_SIZEBIT,COMMON_EXACT_VAREXP_COL_043,KNOWN_COMMON_HEADER,Eqt_SizeBit,TRUE,FALSE
VAREXP_COL_044,44,Eqt_TextEncoding,EQT_TEXTENCODING,Eqt_TextEncoding,EQT_TEXTENCODING,Eqt_TextEncoding,EQT_TEXTENCODING,Eqt_TextEncoding,EQT_TEXTENCODING,Eqt_TextEncoding,EQT_TEXTENCODING,COMMON_EXACT_VAREXP_COL_044,KNOWN_COMMON_HEADER,Eqt_TextEncoding,TRUE,FALSE
VAREXP_COL_045,45,,,,,,,,,,,EMPTY_POSITION_VAREXP_COL_045,RESERVED_CANDIDATE_UNCONFIRMED,VAREXP_COL_045,FALSE,TRUE
VAREXP_COL_046,46,AssociatedLabels,ASSOCIATEDLABELS,AssociatedLabels,ASSOCIATEDLABELS,AssociatedLabels,ASSOCIATEDLABELS,AssociatedLabels,ASSOCIATEDLABELS,AssociatedLabels,ASSOCIATEDLABELS,COMMON_EXACT_VAREXP_COL_046,KNOWN_COMMON_HEADER,AssociatedLabels,TRUE,FALSE
VAREXP_COL_047,47,Log0_1,LOG0_1,Log0_1,LOG0_1,Log0_1,LOG0_1,Log0_1,LOG0_1,Log0_1,LOG0_1,COMMON_EXACT_VAREXP_COL_047,KNOWN_COMMON_HEADER,Log0_1,TRUE,FALSE
VAREXP_COL_048,48,Log1_0,LOG1_0,Log1_0,LOG1_0,Log1_0,LOG1_0,Log1_0,LOG1_0,Log1_0,LOG1_0,COMMON_EXACT_VAREXP_COL_048,KNOWN_COMMON_HEADER,Log1_0,TRUE,FALSE
VAREXP_COL_049,49,,,,,,,,,,,EMPTY_POSITION_VAREXP_COL_049,RESERVED_CANDIDATE_UNCONFIRMED,VAREXP_COL_049,FALSE,TRUE
VAREXP_COL_050,50,BitCommandLevel,BITCOMMANDLEVEL,BitCommandLevel,BITCOMMANDLEVEL,BitCommandLevel,BITCOMMANDLEVEL,BitCommandLevel,BITCOMMANDLEVEL,BitCommandLevel,BITCOMMANDLEVEL,COMMON_EXACT_VAREXP_COL_050,KNOWN_COMMON_HEADER,BitCommandLevel,TRUE,FALSE
VAREXP_COL_051,51,AlarmLevel,ALARMLEVEL,AlarmLevel,ALARMLEVEL,AlarmLevel,ALARMLEVEL,AlarmLevel,ALARMLEVEL,AlarmLevel,ALARMLEVEL,COMMON_EXACT_VAREXP_COL_051,KNOWN_COMMON_HEADER,AlarmLevel,TRUE,FALSE
VAREXP_COL_052,52,AlarmActiveAt1,ALARMACTIVEAT1,AlarmActiveAt1,ALARMACTIVEAT1,AlarmActiveAt1,ALARMACTIVEAT1,AlarmActiveAt1,ALARMACTIVEAT1,AlarmActiveAt1,ALARMACTIVEAT1,COMMON_EXACT_VAREXP_COL_052,KNOWN_COMMON_HEADER,AlarmActiveAt1,TRUE,FALSE
VAREXP_COL_053,53,MaskDependency,MASKDEPENDENCY,MaskDependency,MASKDEPENDENCY,MaskDependency,MASKDEPENDENCY,MaskDependency,MASKDEPENDENCY,MaskDependency,MASKDEPENDENCY,COMMON_EXACT_VAREXP_COL_053,KNOWN_COMMON_HEADER,MaskDependency,TRUE,FALSE
VAREXP_COL_054,54,AlarmTemporization,ALARMTEMPORIZATION,AlarmTemporization,ALARMTEMPORIZATION,AlarmTemporization,ALARMTEMPORIZATION,AlarmTemporization,ALARMTEMPORIZATION,AlarmTemporization,ALARMTEMPORIZATION,COMMON_EXACT_VAREXP_COL_054,KNOWN_COMMON_HEADER,AlarmTemporization,TRUE,FALSE
VAREXP_COL_055,55,,,,,,,,,,,EMPTY_POSITION_VAREXP_COL_055,RESERVED_CANDIDATE_UNCONFIRMED,VAREXP_COL_055,FALSE,TRUE
VAREXP_COL_056,56,ThresholdHysterisis,THRESHOLDHYSTERISIS,ThresholdHysterisis,THRESHOLDHYSTERISIS,ThresholdHysterisis,THRESHOLDHYSTERISIS,ThresholdHysterisis,THRESHOLDHYSTERISIS,ThresholdHysterisis,THRESHOLDHYSTERISIS,COMMON_EXACT_VAREXP_COL_056,KNOWN_COMMON_HEADER,ThresholdHysterisis,TRUE,FALSE
VAREXP_COL_057,57,ThresholdValue,THRESHOLDVALUE,Thresholdvalue,THRESHOLDVALUE,ThresholdValue,THRESHOLDVALUE,ThresholdValue,THRESHOLDVALUE,Thresholdvalue,THRESHOLDVALUE,CASE_ALIAS_VAREXP_COL_057,CASE_ONLY_VARIANT,ThresholdValue,TRUE,FALSE
VAREXP_COL_058,58,ThresholdHigh,THRESHOLDHIGH,ThresholdHigh,THRESHOLDHIGH,ThresholdHigh,THRESHOLDHIGH,ThresholdHigh,THRESHOLDHIGH,ThresholdHigh,THRESHOLDHIGH,COMMON_EXACT_VAREXP_COL_058,KNOWN_COMMON_HEADER,ThresholdHigh,TRUE,FALSE
VAREXP_COL_059,59,ThresholdSource,THRESHOLDSOURCE,ThresholdSource,THRESHOLDSOURCE,ThresholdSource,THRESHOLDSOURCE,ThresholdSource,THRESHOLDSOURCE,ThresholdSource,THRESHOLDSOURCE,COMMON_EXACT_VAREXP_COL_059,KNOWN_COMMON_HEADER,ThresholdSource,TRUE,FALSE
VAREXP_COL_060,60,ThresholdSystem,THRESHOLDSYSTEM,ThresholdSystem,THRESHOLDSYSTEM,ThresholdSystem,THRESHOLDSYSTEM,ThresholdSystem,THRESHOLDSYSTEM,ThresholdSystem,THRESHOLDSYSTEM,COMMON_EXACT_VAREXP_COL_060,KNOWN_COMMON_HEADER,ThresholdSystem,TRUE,FALSE
VAREXP_COL_061,61,ThresholdTypeInSystem,THRESHOLDTYPEINSYSTEM,ThresholdTypeInSystem,THRESHOLDTYPEINSYSTEM,ThresholdTypeInSystem,THRESHOLDTYPEINSYSTEM,ThresholdTypeInSystem,THRESHOLDTYPEINSYSTEM,ThresholdTypeInSystem,THRESHOLDTYPEINSYSTEM,COMMON_EXACT_VAREXP_COL_061,KNOWN_COMMON_HEADER,ThresholdTypeInSystem,TRUE,FALSE
VAREXP_COL_062,62,,,,,,,,,,,EMPTY_POSITION_VAREXP_COL_062,RESERVED_CANDIDATE_UNCONFIRMED,VAREXP_COL_062,FALSE,TRUE
VAREXP_COL_063,63,,,,,,,,,,,EMPTY_POSITION_VAREXP_COL_063,RESERVED_CANDIDATE_UNCONFIRMED,VAREXP_COL_063,FALSE,TRUE
VAREXP_COL_064,64,,,,,,,,,,,EMPTY_POSITION_VAREXP_COL_064,RESERVED_CANDIDATE_UNCONFIRMED,VAREXP_COL_064,FALSE,TRUE
VAREXP_COL_065,65,,,,,,,,,,,EMPTY_POSITION_VAREXP_COL_065,RESERVED_CANDIDATE_UNCONFIRMED,VAREXP_COL_065,FALSE,TRUE
VAREXP_COL_066,66,Unit,UNIT,Unit,UNIT,Unit,UNIT,Unit,UNIT,Unit,UNIT,COMMON_EXACT_VAREXP_COL_066,KNOWN_COMMON_HEADER,Unit,TRUE,FALSE
VAREXP_COL_067,67,DeadbandValue,DEADBANDVALUE,Deadbandvalue,DEADBANDVALUE,DeadbandValue,DEADBANDVALUE,DeadbandValue,DEADBANDVALUE,Deadbandvalue,DEADBANDVALUE,CASE_ALIAS_VAREXP_COL_067,CASE_ONLY_VARIANT,DeadbandValue,TRUE,FALSE
VAREXP_COL_068,68,MinimumValue,MINIMUMVALUE,Minimumvalue,MINIMUMVALUE,MinimumValue,MINIMUMVALUE,MinimumValue,MINIMUMVALUE,Minimumvalue,MINIMUMVALUE,CASE_ALIAS_VAREXP_COL_068,CASE_ONLY_VARIANT,MinimumValue,TRUE,FALSE
VAREXP_COL_069,69,MaximumValue,MAXIMUMVALUE,Maximumvalue,MAXIMUMVALUE,MaximumValue,MAXIMUMVALUE,MaximumValue,MAXIMUMVALUE,Maximumvalue,MAXIMUMVALUE,CASE_ALIAS_VAREXP_COL_069,CASE_ONLY_VARIANT,MaximumValue,TRUE,FALSE
VAREXP_COL_070,70,ScaledValue,SCALEDVALUE,Scaledvalue,SCALEDVALUE,ScaledValue,SCALEDVALUE,ScaledValue,SCALEDVALUE,Scaledvalue,SCALEDVALUE,CASE_ALIAS_VAREXP_COL_070,CASE_ONLY_VARIANT,ScaledValue,TRUE,FALSE
VAREXP_COL_071,71,DeviceMinimumValue,DEVICEMINIMUMVALUE,DeviceMinimumvalue,DEVICEMINIMUMVALUE,DeviceMinimumValue,DEVICEMINIMUMVALUE,DeviceMinimumValue,DEVICEMINIMUMVALUE,DeviceMinimumvalue,DEVICEMINIMUMVALUE,CASE_ALIAS_VAREXP_COL_071,CASE_ONLY_VARIANT,DeviceMinimumValue,TRUE,FALSE
VAREXP_COL_072,72,DeviceMaximumValue,DEVICEMAXIMUMVALUE,DeviceMaximumvalue,DEVICEMAXIMUMVALUE,DeviceMaximumValue,DEVICEMAXIMUMVALUE,DeviceMaximumValue,DEVICEMAXIMUMVALUE,DeviceMaximumvalue,DEVICEMAXIMUMVALUE,CASE_ALIAS_VAREXP_COL_072,CASE_ONLY_VARIANT,DeviceMaximumValue,TRUE,FALSE
VAREXP_COL_073,73,Format,FORMAT,Format,FORMAT,Format,FORMAT,Format,FORMAT,Format,FORMAT,COMMON_EXACT_VAREXP_COL_073,KNOWN_COMMON_HEADER,Format,TRUE,FALSE
VAREXP_COL_074,74,VariableMinimumValue,VARIABLEMINIMUMVALUE,VariableMinimumvalue,VARIABLEMINIMUMVALUE,VariableMinimumValue,VARIABLEMINIMUMVALUE,VariableMinimumValue,VARIABLEMINIMUMVALUE,VariableMinimumvalue,VARIABLEMINIMUMVALUE,CASE_ALIAS_VAREXP_COL_074,CASE_ONLY_VARIANT,VariableMinimumValue,TRUE,FALSE
VAREXP_COL_075,75,VariableMaximumValue,VARIABLEMAXIMUMVALUE,VariableMaximumvalue,VARIABLEMAXIMUMVALUE,VariableMaximumValue,VARIABLEMAXIMUMVALUE,VariableMaximumValue,VARIABLEMAXIMUMVALUE,VariableMaximumvalue,VARIABLEMAXIMUMVALUE,CASE_ALIAS_VAREXP_COL_075,CASE_ONLY_VARIANT,VariableMaximumValue,TRUE,FALSE
VAREXP_COL_076,76,ControlMinimumValue,CONTROLMINIMUMVALUE,ControlMinimumvalue,CONTROLMINIMUMVALUE,ControlMinimumValue,CONTROLMINIMUMVALUE,ControlMinimumValue,CONTROLMINIMUMVALUE,ControlMinimumvalue,CONTROLMINIMUMVALUE,CASE_ALIAS_VAREXP_COL_076,CASE_ONLY_VARIANT,ControlMinimumValue,TRUE,FALSE
VAREXP_COL_077,77,ControlMaximumValue,CONTROLMAXIMUMVALUE,ControlMaximumvalue,CONTROLMAXIMUMVALUE,ControlMaximumValue,CONTROLMAXIMUMVALUE,ControlMaximumValue,CONTROLMAXIMUMVALUE,ControlMaximumvalue,CONTROLMAXIMUMVALUE,CASE_ALIAS_VAREXP_COL_077,CASE_ONLY_VARIANT,ControlMaximumValue,TRUE,FALSE
VAREXP_COL_078,78,RegisterCommandLevel,REGISTERCOMMANDLEVEL,RegisterCommandLevel,REGISTERCOMMANDLEVEL,RegisterCommandLevel,REGISTERCOMMANDLEVEL,RegisterCommandLevel,REGISTERCOMMANDLEVEL,RegisterCommandLevel,REGISTERCOMMANDLEVEL,COMMON_EXACT_VAREXP_COL_078,KNOWN_COMMON_HEADER,RegisterCommandLevel,TRUE,FALSE
VAREXP_COL_079,79,VariableControlMinimumValue,VARIABLECONTROLMINIMUMVALUE,VariableControlMinimumvalue,VARIABLECONTROLMINIMUMVALUE,VariableControlMinimumValue,VARIABLECONTROLMINIMUMVALUE,VariableControlMinimumValue,VARIABLECONTROLMINIMUMVALUE,VariableControlMinimumvalue,VARIABLECONTROLMINIMUMVALUE,CASE_ALIAS_VAREXP_COL_079,CASE_ONLY_VARIANT,VariableControlMinimumValue,TRUE,FALSE
VAREXP_COL_080,80,VariableControlMaximumValue,VARIABLECONTROLMAXIMUMVALUE,VariableControlMaximumvalue,VARIABLECONTROLMAXIMUMVALUE,VariableControlMaximumValue,VARIABLECONTROLMAXIMUMVALUE,VariableControlMaximumValue,VARIABLECONTROLMAXIMUMVALUE,VariableControlMaximumvalue,VARIABLECONTROLMAXIMUMVALUE,CASE_ALIAS_VAREXP_COL_080,CASE_ONLY_VARIANT,VariableControlMaximumValue,TRUE,FALSE
VAREXP_COL_081,81,,,,,,,,,,,EMPTY_POSITION_VAREXP_COL_081,RESERVED_CANDIDATE_UNCONFIRMED,VAREXP_COL_081,FALSE,TRUE
VAREXP_COL_082,82,,,,,,,,,,,EMPTY_POSITION_VAREXP_COL_082,RESERVED_CANDIDATE_UNCONFIRMED,VAREXP_COL_082,FALSE,TRUE
VAREXP_COL_083,83,,,,,,,,,,,EMPTY_POSITION_VAREXP_COL_083,RESERVED_CANDIDATE_UNCONFIRMED,VAREXP_COL_083,FALSE,TRUE
VAREXP_COL_084,84,,,,,,,,,,,EMPTY_POSITION_VAREXP_COL_084,RESERVED_CANDIDATE_UNCONFIRMED,VAREXP_COL_084,FALSE,TRUE
VAREXP_COL_085,85,,,,,,,,,,,EMPTY_POSITION_VAREXP_COL_085,RESERVED_CANDIDATE_UNCONFIRMED,VAREXP_COL_085,FALSE,TRUE
VAREXP_COL_086,86,Counter_StepSize,COUNTER_STEPSIZE,Counter_StepSize,COUNTER_STEPSIZE,Counter_StepSize,COUNTER_STEPSIZE,Counter_StepSize,COUNTER_STEPSIZE,Counter_StepSize,COUNTER_STEPSIZE,COMMON_EXACT_VAREXP_COL_086,KNOWN_COMMON_HEADER,Counter_StepSize,TRUE,FALSE
VAREXP_COL_087,87,Counter_Type,COUNTER_TYPE,Counter_Type,COUNTER_TYPE,Counter_Type,COUNTER_TYPE,Counter_Type,COUNTER_TYPE,Counter_Type,COUNTER_TYPE,COMMON_EXACT_VAREXP_COL_087,KNOWN_COMMON_HEADER,Counter_Type,TRUE,FALSE
VAREXP_COL_088,88,Counter_CountBitName,COUNTER_COUNTBITNAME,Counter_CountBitName,COUNTER_COUNTBITNAME,Counter_CountBitName,COUNTER_COUNTBITNAME,Counter_CountBitName,COUNTER_COUNTBITNAME,Counter_CountBitName,COUNTER_COUNTBITNAME,COMMON_EXACT_VAREXP_COL_088,KNOWN_COMMON_HEADER,Counter_CountBitName,TRUE,FALSE
VAREXP_COL_089,89,Counter_CountBitTransition,COUNTER_COUNTBITTRANSITION,Counter_CountBitTransition,COUNTER_COUNTBITTRANSITION,Counter_CountBitTransition,COUNTER_COUNTBITTRANSITION,Counter_CountBitTransition,COUNTER_COUNTBITTRANSITION,Counter_CountBitTransition,COUNTER_COUNTBITTRANSITION,COMMON_EXACT_VAREXP_COL_089,KNOWN_COMMON_HEADER,Counter_CountBitTransition,TRUE,FALSE
VAREXP_COL_090,90,Counter_ResetBitName,COUNTER_RESETBITNAME,Counter_ResetBitName,COUNTER_RESETBITNAME,Counter_ResetBitName,COUNTER_RESETBITNAME,Counter_ResetBitName,COUNTER_RESETBITNAME,Counter_ResetBitName,COUNTER_RESETBITNAME,COMMON_EXACT_VAREXP_COL_090,KNOWN_COMMON_HEADER,Counter_ResetBitName,TRUE,FALSE
VAREXP_COL_091,91,Counter_ResetBitTransition,COUNTER_RESETBITTRANSITION,Counter_ResetBitTransition,COUNTER_RESETBITTRANSITION,Counter_ResetBitTransition,COUNTER_RESETBITTRANSITION,Counter_ResetBitTransition,COUNTER_RESETBITTRANSITION,Counter_ResetBitTransition,COUNTER_RESETBITTRANSITION,COMMON_EXACT_VAREXP_COL_091,KNOWN_COMMON_HEADER,Counter_ResetBitTransition,TRUE,FALSE
VAREXP_COL_092,92,,,,,,,,,,,EMPTY_POSITION_VAREXP_COL_092,RESERVED_CANDIDATE_UNCONFIRMED,VAREXP_COL_092,FALSE,TRUE
VAREXP_COL_093,93,,,,,,,,,,,EMPTY_POSITION_VAREXP_COL_093,RESERVED_CANDIDATE_UNCONFIRMED,VAREXP_COL_093,FALSE,TRUE
VAREXP_COL_094,94,,,,,,,,,,,EMPTY_POSITION_VAREXP_COL_094,RESERVED_CANDIDATE_UNCONFIRMED,VAREXP_COL_094,FALSE,TRUE
VAREXP_COL_095,95,,,,,,,,,,,EMPTY_POSITION_VAREXP_COL_095,RESERVED_CANDIDATE_UNCONFIRMED,VAREXP_COL_095,FALSE,TRUE
VAREXP_COL_096,96,Chrono_Period,CHRONO_PERIOD,Chrono_Period,CHRONO_PERIOD,Chrono_Period,CHRONO_PERIOD,Chrono_Period,CHRONO_PERIOD,Chrono_Period,CHRONO_PERIOD,COMMON_EXACT_VAREXP_COL_096,KNOWN_COMMON_HEADER,Chrono_Period,TRUE,FALSE
VAREXP_COL_097,97,Chrono_Type,CHRONO_TYPE,Chrono_Type,CHRONO_TYPE,Chrono_Type,CHRONO_TYPE,Chrono_Type,CHRONO_TYPE,Chrono_Type,CHRONO_TYPE,COMMON_EXACT_VAREXP_COL_097,KNOWN_COMMON_HEADER,Chrono_Type,TRUE,FALSE
VAREXP_COL_098,98,Chrono_EnableBitName,CHRONO_ENABLEBITNAME,Chrono_enableBitName,CHRONO_ENABLEBITNAME,Chrono_EnableBitName,CHRONO_ENABLEBITNAME,Chrono_EnableBitName,CHRONO_ENABLEBITNAME,Chrono_enableBitName,CHRONO_ENABLEBITNAME,CASE_ALIAS_VAREXP_COL_098,CASE_ONLY_VARIANT,Chrono_EnableBitName,TRUE,FALSE
VAREXP_COL_099,99,Chrono_EnableBitTransition,CHRONO_ENABLEBITTRANSITION,Chrono_enableBitTransition,CHRONO_ENABLEBITTRANSITION,Chrono_EnableBitTransition,CHRONO_ENABLEBITTRANSITION,Chrono_EnableBitTransition,CHRONO_ENABLEBITTRANSITION,Chrono_enableBitTransition,CHRONO_ENABLEBITTRANSITION,CASE_ALIAS_VAREXP_COL_099,CASE_ONLY_VARIANT,Chrono_EnableBitTransition,TRUE,FALSE
VAREXP_COL_100,100,Chrono_ResetBitName,CHRONO_RESETBITNAME,Chrono_ResetBitName,CHRONO_RESETBITNAME,Chrono_ResetBitName,CHRONO_RESETBITNAME,Chrono_ResetBitName,CHRONO_RESETBITNAME,Chrono_ResetBitName,CHRONO_RESETBITNAME,COMMON_EXACT_VAREXP_COL_100,KNOWN_COMMON_HEADER,Chrono_ResetBitName,TRUE,FALSE
VAREXP_COL_101,101,Chrono_ResetBitTransition,CHRONO_RESETBITTRANSITION,Chrono_ResetBitTransition,CHRONO_RESETBITTRANSITION,Chrono_ResetBitTransition,CHRONO_RESETBITTRANSITION,Chrono_ResetBitTransition,CHRONO_RESETBITTRANSITION,Chrono_ResetBitTransition,CHRONO_RESETBITTRANSITION,COMMON_EXACT_VAREXP_COL_101,KNOWN_COMMON_HEADER,Chrono_ResetBitTransition,TRUE,FALSE
VAREXP_COL_102,102,,,,,,,,,,,EMPTY_POSITION_VAREXP_COL_102,RESERVED_CANDIDATE_UNCONFIRMED,VAREXP_COL_102,FALSE,TRUE
VAREXP_COL_103,103,,,,,,,,,,,EMPTY_POSITION_VAREXP_COL_103,RESERVED_CANDIDATE_UNCONFIRMED,VAREXP_COL_103,FALSE,TRUE
VAREXP_COL_104,104,,,,,,,,,,,EMPTY_POSITION_VAREXP_COL_104,RESERVED_CANDIDATE_UNCONFIRMED,VAREXP_COL_104,FALSE,TRUE
VAREXP_COL_105,105,,,,,,,,,,,EMPTY_POSITION_VAREXP_COL_105,RESERVED_CANDIDATE_UNCONFIRMED,VAREXP_COL_105,FALSE,TRUE
VAREXP_COL_106,106,TextSize,TEXTSIZE,TextSize,TEXTSIZE,TextSize,TEXTSIZE,TextSize,TEXTSIZE,TextSize,TEXTSIZE,COMMON_EXACT_VAREXP_COL_106,KNOWN_COMMON_HEADER,TextSize,TRUE,FALSE
VAREXP_COL_107,107,,,,,,,,,,,EMPTY_POSITION_VAREXP_COL_107,RESERVED_CANDIDATE_UNCONFIRMED,VAREXP_COL_107,FALSE,TRUE
VAREXP_COL_108,108,TextCommandLevel,TEXTCOMMANDLEVEL,TextCommandLevel,TEXTCOMMANDLEVEL,TextCommandLevel,TEXTCOMMANDLEVEL,TextCommandLevel,TEXTCOMMANDLEVEL,TextCommandLevel,TEXTCOMMANDLEVEL,COMMON_EXACT_VAREXP_COL_108,KNOWN_COMMON_HEADER,TextCommandLevel,TRUE,FALSE
VAREXP_COL_109,109,,,,,,,,,,,EMPTY_POSITION_VAREXP_COL_109,RESERVED_CANDIDATE_UNCONFIRMED,VAREXP_COL_109,FALSE,TRUE
VAREXP_COL_110,110,,,,,,,,,,,EMPTY_POSITION_VAREXP_COL_110,RESERVED_CANDIDATE_UNCONFIRMED,VAREXP_COL_110,FALSE,TRUE
VAREXP_COL_111,111,,,,,,,,,,,EMPTY_POSITION_VAREXP_COL_111,RESERVED_CANDIDATE_UNCONFIRMED,VAREXP_COL_111,FALSE,TRUE
VAREXP_COL_112,112,,,,,,,,,,,EMPTY_POSITION_VAREXP_COL_112,RESERVED_CANDIDATE_UNCONFIRMED,VAREXP_COL_112,FALSE,TRUE
VAREXP_COL_113,113,,,,,,,,,,,EMPTY_POSITION_VAREXP_COL_113,RESERVED_CANDIDATE_UNCONFIRMED,VAREXP_COL_113,FALSE,TRUE
VAREXP_COL_114,114,,,,,,,,,,,EMPTY_POSITION_VAREXP_COL_114,RESERVED_CANDIDATE_UNCONFIRMED,VAREXP_COL_114,FALSE,TRUE
VAREXP_COL_115,115,,,,,,,,,,,EMPTY_POSITION_VAREXP_COL_115,RESERVED_CANDIDATE_UNCONFIRMED,VAREXP_COL_115,FALSE,TRUE
VAREXP_COL_116,116,LNS_NetworkAlias,LNS_NETWORKALIAS,LNS_NetworkAlias,LNS_NETWORKALIAS,LNS_NetworkAlias,LNS_NETWORKALIAS,LNS_NetworkAlias,LNS_NETWORKALIAS,LNS_NetworkAlias,LNS_NETWORKALIAS,COMMON_EXACT_VAREXP_COL_116,KNOWN_COMMON_HEADER,LNS_NetworkAlias,TRUE,FALSE
VAREXP_COL_117,117,LNS_NodeAlias,LNS_NODEALIAS,LNS_NodeAlias,LNS_NODEALIAS,LNS_NodeAlias,LNS_NODEALIAS,LNS_NodeAlias,LNS_NODEALIAS,LNS_NodeAlias,LNS_NODEALIAS,COMMON_EXACT_VAREXP_COL_117,KNOWN_COMMON_HEADER,LNS_NodeAlias,TRUE,FALSE
VAREXP_COL_118,118,LNS_NvName,LNS_NVNAME,LNS_NvName,LNS_NVNAME,LNS_NvName,LNS_NVNAME,LNS_NvName,LNS_NVNAME,LNS_NvName,LNS_NVNAME,COMMON_EXACT_VAREXP_COL_118,KNOWN_COMMON_HEADER,LNS_NvName,TRUE,FALSE
VAREXP_COL_119,119,LNS_PollingPeriod,LNS_POLLINGPERIOD,LNS_PollingPeriod,LNS_POLLINGPERIOD,LNS_PollingPeriod,LNS_POLLINGPERIOD,LNS_PollingPeriod,LNS_POLLINGPERIOD,LNS_PollingPeriod,LNS_POLLINGPERIOD,COMMON_EXACT_VAREXP_COL_119,KNOWN_COMMON_HEADER,LNS_PollingPeriod,TRUE,FALSE
VAREXP_COL_120,120,LNS_DefaultMonitoring,LNS_DEFAULTMONITORING,LNS_DefaultMonitoring,LNS_DEFAULTMONITORING,LNS_DefaultMonitoring,LNS_DEFAULTMONITORING,LNS_DefaultMonitoring,LNS_DEFAULTMONITORING,LNS_DefaultMonitoring,LNS_DEFAULTMONITORING,COMMON_EXACT_VAREXP_COL_120,KNOWN_COMMON_HEADER,LNS_DefaultMonitoring,TRUE,FALSE
VAREXP_COL_121,121,LNS_FieldName,LNS_FIELDNAME,LNS_FieldName,LNS_FIELDNAME,LNS_FieldName,LNS_FIELDNAME,LNS_FieldName,LNS_FIELDNAME,LNS_FieldName,LNS_FIELDNAME,COMMON_EXACT_VAREXP_COL_121,KNOWN_COMMON_HEADER,LNS_FieldName,TRUE,FALSE
VAREXP_COL_122,122,,,,,,,,,,,EMPTY_POSITION_VAREXP_COL_122,RESERVED_CANDIDATE_UNCONFIRMED,VAREXP_COL_122,FALSE,TRUE
VAREXP_COL_123,123,,,,,,,,,,,EMPTY_POSITION_VAREXP_COL_123,RESERVED_CANDIDATE_UNCONFIRMED,VAREXP_COL_123,FALSE,TRUE
VAREXP_COL_124,124,,,,,,,,,,,EMPTY_POSITION_VAREXP_COL_124,RESERVED_CANDIDATE_UNCONFIRMED,VAREXP_COL_124,FALSE,TRUE
VAREXP_COL_125,125,,,,,,,,,,,EMPTY_POSITION_VAREXP_COL_125,RESERVED_CANDIDATE_UNCONFIRMED,VAREXP_COL_125,FALSE,TRUE
VAREXP_COL_126,126,DDE_Server,DDE_SERVER,DDE_Server,DDE_SERVER,DDE_Server,DDE_SERVER,DDE_Server,DDE_SERVER,DDE_Server,DDE_SERVER,COMMON_EXACT_VAREXP_COL_126,KNOWN_COMMON_HEADER,DDE_Server,TRUE,FALSE
VAREXP_COL_127,127,DDE_Item,DDE_ITEM,DDE_Item,DDE_ITEM,DDE_Item,DDE_ITEM,DDE_Item,DDE_ITEM,DDE_Item,DDE_ITEM,COMMON_EXACT_VAREXP_COL_127,KNOWN_COMMON_HEADER,DDE_Item,TRUE,FALSE
VAREXP_COL_128,128,,,,,,,,,,,EMPTY_POSITION_VAREXP_COL_128,RESERVED_CANDIDATE_UNCONFIRMED,VAREXP_COL_128,FALSE,TRUE
VAREXP_COL_129,129,,,,,,,,,,,EMPTY_POSITION_VAREXP_COL_129,RESERVED_CANDIDATE_UNCONFIRMED,VAREXP_COL_129,FALSE,TRUE
VAREXP_COL_130,130,DDE_Format,DDE_FORMAT,DDE_Format,DDE_FORMAT,DDE_Format,DDE_FORMAT,DDE_Format,DDE_FORMAT,DDE_Format,DDE_FORMAT,COMMON_EXACT_VAREXP_COL_130,KNOWN_COMMON_HEADER,DDE_Format,TRUE,FALSE
VAREXP_COL_131,131,DDE_RangBit,DDE_RANGBIT,DDE_RangBit,DDE_RANGBIT,DDE_RangBit,DDE_RANGBIT,DDE_RangBit,DDE_RANGBIT,DDE_RangBit,DDE_RANGBIT,COMMON_EXACT_VAREXP_COL_131,KNOWN_COMMON_HEADER,DDE_RangBit,TRUE,FALSE
VAREXP_COL_132,132,DDE_AutoItemName,DDE_AUTOITEMNAME,DDE_AutoItemName,DDE_AUTOITEMNAME,DDE_AutoItemName,DDE_AUTOITEMNAME,DDE_AutoItemName,DDE_AUTOITEMNAME,DDE_AutoItemName,DDE_AUTOITEMNAME,COMMON_EXACT_VAREXP_COL_132,KNOWN_COMMON_HEADER,DDE_AutoItemName,TRUE,FALSE
VAREXP_COL_133,133,DDE_Label,DDE_LABEL,DDE_Label,DDE_LABEL,DDE_Label,DDE_LABEL,DDE_Label,DDE_LABEL,DDE_Label,DDE_LABEL,COMMON_EXACT_VAREXP_COL_133,KNOWN_COMMON_HEADER,DDE_Label,TRUE,FALSE
VAREXP_COL_134,134,,,,,,,,,,,EMPTY_POSITION_VAREXP_COL_134,RESERVED_CANDIDATE_UNCONFIRMED,VAREXP_COL_134,FALSE,TRUE
VAREXP_COL_135,135,,,,,,,,,,,EMPTY_POSITION_VAREXP_COL_135,RESERVED_CANDIDATE_UNCONFIRMED,VAREXP_COL_135,FALSE,TRUE
VAREXP_COL_136,136,ExtBinary,EXTBINARY,ExtBinary,EXTBINARY,ExtBinary,EXTBINARY,ExtBinary,EXTBINARY,ExtBinary,EXTBINARY,COMMON_EXACT_VAREXP_COL_136,KNOWN_COMMON_HEADER,ExtBinary,TRUE,FALSE
VAREXP_COL_137,137,ExtText3,EXTTEXT3,ExtText3,EXTTEXT3,ExtText3,EXTTEXT3,ExtText3,EXTTEXT3,ExtText3,EXTTEXT3,COMMON_EXACT_VAREXP_COL_137,KNOWN_COMMON_HEADER,ExtText3,TRUE,FALSE
VAREXP_COL_138,138,ExtText4,EXTTEXT4,ExtText4,EXTTEXT4,ExtText4,EXTTEXT4,ExtText4,EXTTEXT4,ExtText4,EXTTEXT4,COMMON_EXACT_VAREXP_COL_138,KNOWN_COMMON_HEADER,ExtText4,TRUE,FALSE
VAREXP_COL_139,139,ExtText5,EXTTEXT5,ExtText5,EXTTEXT5,ExtText5,EXTTEXT5,ExtText5,EXTTEXT5,ExtText5,EXTTEXT5,COMMON_EXACT_VAREXP_COL_139,KNOWN_COMMON_HEADER,ExtText5,TRUE,FALSE
VAREXP_COL_140,140,ExtText6,EXTTEXT6,ExtText6,EXTTEXT6,ExtText6,EXTTEXT6,ExtText6,EXTTEXT6,ExtText6,EXTTEXT6,COMMON_EXACT_VAREXP_COL_140,KNOWN_COMMON_HEADER,ExtText6,TRUE,FALSE
VAREXP_COL_141,141,ExtText7,EXTTEXT7,ExtText7,EXTTEXT7,ExtText7,EXTTEXT7,ExtText7,EXTTEXT7,ExtText7,EXTTEXT7,COMMON_EXACT_VAREXP_COL_141,KNOWN_COMMON_HEADER,ExtText7,TRUE,FALSE
VAREXP_COL_142,142,ExtText8,EXTTEXT8,ExtText8,EXTTEXT8,ExtText8,EXTTEXT8,ExtText8,EXTTEXT8,ExtText8,EXTTEXT8,COMMON_EXACT_VAREXP_COL_142,KNOWN_COMMON_HEADER,ExtText8,TRUE,FALSE
VAREXP_COL_143,143,ExtText9,EXTTEXT9,ExtText9,EXTTEXT9,ExtText9,EXTTEXT9,ExtText9,EXTTEXT9,ExtText9,EXTTEXT9,COMMON_EXACT_VAREXP_COL_143,KNOWN_COMMON_HEADER,ExtText9,TRUE,FALSE
VAREXP_COL_144,144,ExtText10,EXTTEXT10,ExtText10,EXTTEXT10,ExtText10,EXTTEXT10,ExtText10,EXTTEXT10,ExtText10,EXTTEXT10,COMMON_EXACT_VAREXP_COL_144,KNOWN_COMMON_HEADER,ExtText10,TRUE,FALSE
VAREXP_COL_145,145,ExtText11,EXTTEXT11,ExtText11,EXTTEXT11,ExtText11,EXTTEXT11,ExtText11,EXTTEXT11,ExtText11,EXTTEXT11,COMMON_EXACT_VAREXP_COL_145,KNOWN_COMMON_HEADER,ExtText11,TRUE,FALSE
VAREXP_COL_146,146,ExtText12,EXTTEXT12,ExtText12,EXTTEXT12,ExtText12,EXTTEXT12,ExtText12,EXTTEXT12,ExtText12,EXTTEXT12,COMMON_EXACT_VAREXP_COL_146,KNOWN_COMMON_HEADER,ExtText12,TRUE,FALSE
VAREXP_COL_147,147,ExtText13,EXTTEXT13,ExtText13,EXTTEXT13,ExtText13,EXTTEXT13,ExtText13,EXTTEXT13,ExtText13,EXTTEXT13,COMMON_EXACT_VAREXP_COL_147,KNOWN_COMMON_HEADER,ExtText13,TRUE,FALSE
VAREXP_COL_148,148,ExtText14,EXTTEXT14,ExtText14,EXTTEXT14,ExtText14,EXTTEXT14,ExtText14,EXTTEXT14,ExtText14,EXTTEXT14,COMMON_EXACT_VAREXP_COL_148,KNOWN_COMMON_HEADER,ExtText14,TRUE,FALSE
VAREXP_COL_149,149,ExtText15,EXTTEXT15,ExtText15,EXTTEXT15,ExtText15,EXTTEXT15,ExtText15,EXTTEXT15,ExtText15,EXTTEXT15,COMMON_EXACT_VAREXP_COL_149,KNOWN_COMMON_HEADER,ExtText15,TRUE,FALSE
VAREXP_COL_150,150,ExtText16,EXTTEXT16,ExtText16,EXTTEXT16,ExtText16,EXTTEXT16,ExtText16,EXTTEXT16,ExtText16,EXTTEXT16,COMMON_EXACT_VAREXP_COL_150,KNOWN_COMMON_HEADER,ExtText16,TRUE,FALSE
VAREXP_COL_151,151,OPC_Server,OPC_SERVER,OPC_Server,OPC_SERVER,OPC_Server,OPC_SERVER,OPC_Server,OPC_SERVER,OPC_Server,OPC_SERVER,COMMON_EXACT_VAREXP_COL_151,KNOWN_COMMON_HEADER,OPC_Server,TRUE,FALSE
VAREXP_COL_152,152,OPC_Group,OPC_GROUP,OPC_Group,OPC_GROUP,OPC_Group,OPC_GROUP,OPC_Group,OPC_GROUP,OPC_Group,OPC_GROUP,COMMON_EXACT_VAREXP_COL_152,KNOWN_COMMON_HEADER,OPC_Group,TRUE,FALSE
VAREXP_COL_153,153,OPC_ItemId,OPC_ITEMID,OPC_ItemId,OPC_ITEMID,OPC_ItemId,OPC_ITEMID,OPC_ItemId,OPC_ITEMID,OPC_ItemId,OPC_ITEMID,COMMON_EXACT_VAREXP_COL_153,KNOWN_COMMON_HEADER,OPC_ItemId,TRUE,FALSE
VAREXP_COL_154,154,OPC_AccessPath,OPC_ACCESSPATH,OPC_AccessPath,OPC_ACCESSPATH,OPC_AccessPath,OPC_ACCESSPATH,OPC_AccessPath,OPC_ACCESSPATH,OPC_AccessPath,OPC_ACCESSPATH,COMMON_EXACT_VAREXP_COL_154,KNOWN_COMMON_HEADER,OPC_AccessPath,TRUE,FALSE
VAREXP_COL_155,155,OPC_IsArray,OPC_ISARRAY,OPC_IsArray,OPC_ISARRAY,OPC_IsArray,OPC_ISARRAY,OPC_IsArray,OPC_ISARRAY,OPC_IsArray,OPC_ISARRAY,COMMON_EXACT_VAREXP_COL_155,KNOWN_COMMON_HEADER,OPC_IsArray,TRUE,FALSE
VAREXP_COL_156,156,OPC_ArrayIndex,OPC_ARRAYINDEX,OPC_ArrayIndex,OPC_ARRAYINDEX,OPC_ArrayIndex,OPC_ARRAYINDEX,OPC_ArrayIndex,OPC_ARRAYINDEX,OPC_ArrayIndex,OPC_ARRAYINDEX,COMMON_EXACT_VAREXP_COL_156,KNOWN_COMMON_HEADER,OPC_ArrayIndex,TRUE,FALSE
VAREXP_COL_157,157,OPC_CustomizationExpression,OPC_CUSTOMIZATIONEXPRESSION,OPC_CustomizationExpression,OPC_CUSTOMIZATIONEXPRESSION,OPC_CustomizationExpression,OPC_CUSTOMIZATIONEXPRESSION,OPC_CustomizationExpression,OPC_CUSTOMIZATIONEXPRESSION,OPC_CustomizationExpression,OPC_CUSTOMIZATIONEXPRESSION,COMMON_EXACT_VAREXP_COL_157,KNOWN_COMMON_HEADER,OPC_CustomizationExpression,TRUE,FALSE
VAREXP_COL_158,158,,,,,,,,,,,EMPTY_POSITION_VAREXP_COL_158,RESERVED_CANDIDATE_UNCONFIRMED,VAREXP_COL_158,FALSE,TRUE
VAREXP_COL_159,159,,,,,,,,,,,EMPTY_POSITION_VAREXP_COL_159,RESERVED_CANDIDATE_UNCONFIRMED,VAREXP_COL_159,FALSE,TRUE
VAREXP_COL_160,160,,,,,,,,,,,EMPTY_POSITION_VAREXP_COL_160,RESERVED_CANDIDATE_UNCONFIRMED,VAREXP_COL_160,FALSE,TRUE
VAREXP_COL_161,161,,,,,,,,,,,EMPTY_POSITION_VAREXP_COL_161,RESERVED_CANDIDATE_UNCONFIRMED,VAREXP_COL_161,FALSE,TRUE
VAREXP_COL_162,162,DeadbandType,DEADBANDTYPE,DeadbandType,DEADBANDTYPE,DeadbandType,DEADBANDTYPE,DeadbandType,DEADBANDTYPE,DeadbandType,DEADBANDTYPE,COMMON_EXACT_VAREXP_COL_162,KNOWN_COMMON_HEADER,DeadbandType,TRUE,FALSE
VAREXP_COL_163,163,Recorder,RECORDER,Recorder,RECORDER,Recorder,RECORDER,Recorder,RECORDER,Recorder,RECORDER,COMMON_EXACT_VAREXP_COL_163,KNOWN_COMMON_HEADER,Recorder,TRUE,FALSE
VAREXP_COL_164,164,MaskExpressionBranch,MASKEXPRESSIONBRANCH,MaskExpressionBranch,MASKEXPRESSIONBRANCH,MaskExpressionBranch,MASKEXPRESSIONBRANCH,MaskExpressionBranch,MASKEXPRESSIONBRANCH,MaskExpressionBranch,MASKEXPRESSIONBRANCH,COMMON_EXACT_VAREXP_COL_164,KNOWN_COMMON_HEADER,MaskExpressionBranch,TRUE,FALSE
VAREXP_COL_165,165,MaskExpressionTemplate,MASKEXPRESSIONTEMPLATE,MaskExpressionTemplate,MASKEXPRESSIONTEMPLATE,MaskExpressionTemplate,MASKEXPRESSIONTEMPLATE,MaskExpressionTemplate,MASKEXPRESSIONTEMPLATE,MaskExpressionTemplate,MASKEXPRESSIONTEMPLATE,COMMON_EXACT_VAREXP_COL_165,KNOWN_COMMON_HEADER,MaskExpressionTemplate,TRUE,FALSE
VAREXP_COL_166,166,MessageAlarm,MESSAGEALARM,MessageAlarm,MESSAGEALARM,MessageAlarm,MESSAGEALARM,MessageAlarm,MESSAGEALARM,MessageAlarm,MESSAGEALARM,COMMON_EXACT_VAREXP_COL_166,KNOWN_COMMON_HEADER,MessageAlarm,TRUE,FALSE
VAREXP_COL_167,167,,,,,,,,,,,EMPTY_POSITION_VAREXP_COL_167,RESERVED_CANDIDATE_UNCONFIRMED,VAREXP_COL_167,FALSE,TRUE
VAREXP_COL_168,168,,,,,,,,,,,EMPTY_POSITION_VAREXP_COL_168,RESERVED_CANDIDATE_UNCONFIRMED,VAREXP_COL_168,FALSE,TRUE
VAREXP_COL_169,169,BACnet_NetworkName,BACNET_NETWORKNAME,BACnet_NetworkName,BACNET_NETWORKNAME,BACnet_NetworkName,BACNET_NETWORKNAME,BACnet_NetworkName,BACNET_NETWORKNAME,BACnet_NetworkName,BACNET_NETWORKNAME,COMMON_EXACT_VAREXP_COL_169,KNOWN_COMMON_HEADER,BACnet_NetworkName,TRUE,FALSE
VAREXP_COL_170,170,BACnet_DeviceName,BACNET_DEVICENAME,BACnet_DeviceName,BACNET_DEVICENAME,BACnet_DeviceName,BACNET_DEVICENAME,BACnet_DeviceName,BACNET_DEVICENAME,BACnet_DeviceName,BACNET_DEVICENAME,COMMON_EXACT_VAREXP_COL_170,KNOWN_COMMON_HEADER,BACnet_DeviceName,TRUE,FALSE
VAREXP_COL_171,171,BACnet_ObjectType,BACNET_OBJECTTYPE,BACnet_ObjectType,BACNET_OBJECTTYPE,BACnet_ObjectType,BACNET_OBJECTTYPE,BACnet_ObjectType,BACNET_OBJECTTYPE,BACnet_ObjectType,BACNET_OBJECTTYPE,COMMON_EXACT_VAREXP_COL_171,KNOWN_COMMON_HEADER,BACnet_ObjectType,TRUE,FALSE
VAREXP_COL_172,172,BACnet_ObjectInstance,BACNET_OBJECTINSTANCE,BACnet_ObjectInstance,BACNET_OBJECTINSTANCE,BACnet_ObjectInstance,BACNET_OBJECTINSTANCE,BACnet_ObjectInstance,BACNET_OBJECTINSTANCE,BACnet_ObjectInstance,BACNET_OBJECTINSTANCE,COMMON_EXACT_VAREXP_COL_172,KNOWN_COMMON_HEADER,BACnet_ObjectInstance,TRUE,FALSE
VAREXP_COL_173,173,BACnet_Property,BACNET_PROPERTY,BACnet_Property,BACNET_PROPERTY,BACnet_Property,BACNET_PROPERTY,BACnet_Property,BACNET_PROPERTY,BACnet_Property,BACNET_PROPERTY,COMMON_EXACT_VAREXP_COL_173,KNOWN_COMMON_HEADER,BACnet_Property,TRUE,FALSE
VAREXP_COL_174,174,BACnet_Fields,BACNET_FIELDS,BACnet_Fields,BACNET_FIELDS,BACnet_Fields,BACNET_FIELDS,BACnet_Fields,BACNET_FIELDS,BACnet_Fields,BACNET_FIELDS,COMMON_EXACT_VAREXP_COL_174,KNOWN_COMMON_HEADER,BACnet_Fields,TRUE,FALSE
VAREXP_COL_175,175,BACnet_PollingPeriod,BACNET_POLLINGPERIOD,BACnet_PollingPeriod,BACNET_POLLINGPERIOD,BACnet_PollingPeriod,BACNET_POLLINGPERIOD,BACnet_PollingPeriod,BACNET_POLLINGPERIOD,BACnet_PollingPeriod,BACNET_POLLINGPERIOD,COMMON_EXACT_VAREXP_COL_175,KNOWN_COMMON_HEADER,BACnet_PollingPeriod,TRUE,FALSE
VAREXP_COL_176,176,BACnet_MonitoringType,BACNET_MONITORINGTYPE,BACnet_MonitoringType,BACNET_MONITORINGTYPE,BACnet_MonitoringType,BACNET_MONITORINGTYPE,BACnet_MonitoringType,BACNET_MONITORINGTYPE,BACnet_MonitoringType,BACNET_MONITORINGTYPE,COMMON_EXACT_VAREXP_COL_176,KNOWN_COMMON_HEADER,BACnet_MonitoringType,TRUE,FALSE
VAREXP_COL_177,177,BACnet_Priority,BACNET_PRIORITY,BACnet_Priority,BACNET_PRIORITY,BACnet_Priority,BACNET_PRIORITY,BACnet_Priority,BACNET_PRIORITY,BACnet_Priority,BACNET_PRIORITY,COMMON_EXACT_VAREXP_COL_177,KNOWN_COMMON_HEADER,BACnet_Priority,TRUE,FALSE
VAREXP_COL_178,178,BACnet_Type,BACNET_TYPE,BACnet_Type,BACNET_TYPE,BACnet_Type,BACNET_TYPE,BACnet_Type,BACNET_TYPE,BACnet_Type,BACNET_TYPE,COMMON_EXACT_VAREXP_COL_178,KNOWN_COMMON_HEADER,BACnet_Type,TRUE,FALSE
VAREXP_COL_179,179,,,,,,,,,,,EMPTY_POSITION_VAREXP_COL_179,RESERVED_CANDIDATE_UNCONFIRMED,VAREXP_COL_179,FALSE,TRUE
VAREXP_COL_180,180,BrowsingLevel,BROWSINGLEVEL,BrowsingLevel,BROWSINGLEVEL,BrowsingLevel,BROWSINGLEVEL,BrowsingLevel,BROWSINGLEVEL,BrowsingLevel,BROWSINGLEVEL,COMMON_EXACT_VAREXP_COL_180,KNOWN_COMMON_HEADER,BrowsingLevel,TRUE,FALSE
VAREXP_COL_181,181,AlarmAcknowledgmentLevel,ALARMACKNOWLEDGMENTLEVEL,AlarmAcknowledgmentLevel,ALARMACKNOWLEDGMENTLEVEL,AlarmAcknowledgmentLevel,ALARMACKNOWLEDGMENTLEVEL,AlarmAcknowledgmentLevel,ALARMACKNOWLEDGMENTLEVEL,AlarmAcknowledgmentLevel,ALARMACKNOWLEDGMENTLEVEL,COMMON_EXACT_VAREXP_COL_181,KNOWN_COMMON_HEADER,AlarmAcknowledgmentLevel,TRUE,FALSE
VAREXP_COL_182,182,AlarmMaskLevel,ALARMMASKLEVEL,AlarmMaskLevel,ALARMMASKLEVEL,AlarmMaskLevel,ALARMMASKLEVEL,AlarmMaskLevel,ALARMMASKLEVEL,AlarmMaskLevel,ALARMMASKLEVEL,COMMON_EXACT_VAREXP_COL_182,KNOWN_COMMON_HEADER,AlarmMaskLevel,TRUE,FALSE
VAREXP_COL_183,183,AlarmMaintenanceLevel,ALARMMAINTENANCELEVEL,AlarmMaintenanceLevel,ALARMMAINTENANCELEVEL,AlarmMaintenanceLevel,ALARMMAINTENANCELEVEL,AlarmMaintenanceLevel,ALARMMAINTENANCELEVEL,AlarmMaintenanceLevel,ALARMMAINTENANCELEVEL,COMMON_EXACT_VAREXP_COL_183,KNOWN_COMMON_HEADER,AlarmMaintenanceLevel,TRUE,FALSE
VAREXP_COL_184,184,WithInitialValue,WITHINITIALVALUE,WithInitialvalue,WITHINITIALVALUE,WithInitialValue,WITHINITIALVALUE,WithInitialValue,WITHINITIALVALUE,WithInitialvalue,WITHINITIALVALUE,CASE_ALIAS_VAREXP_COL_184,CASE_ONLY_VARIANT,WithInitialValue,TRUE,FALSE
VAREXP_COL_185,185,InitialValue,INITIALVALUE,Initialvalue,INITIALVALUE,InitialValue,INITIALVALUE,InitialValue,INITIALVALUE,Initialvalue,INITIALVALUE,CASE_ALIAS_VAREXP_COL_185,CASE_ONLY_VARIANT,InitialValue,TRUE,FALSE
VAREXP_COL_186,186,104_NetworkName,104_NETWORKNAME,104_NetworkName,104_NETWORKNAME,104_NetworkName,104_NETWORKNAME,104_NetworkName,104_NETWORKNAME,104_NetworkName,104_NETWORKNAME,COMMON_EXACT_VAREXP_COL_186,KNOWN_COMMON_HEADER,104_NetworkName,TRUE,FALSE
VAREXP_COL_187,187,104_DeviceName,104_DEVICENAME,104_DeviceName,104_DEVICENAME,104_DeviceName,104_DEVICENAME,104_DeviceName,104_DEVICENAME,104_DeviceName,104_DEVICENAME,COMMON_EXACT_VAREXP_COL_187,KNOWN_COMMON_HEADER,104_DeviceName,TRUE,FALSE
VAREXP_COL_188,188,104_SectorName,104_SECTORNAME,104_SectorName,104_SECTORNAME,104_SectorName,104_SECTORNAME,104_SectorName,104_SECTORNAME,104_SectorName,104_SECTORNAME,COMMON_EXACT_VAREXP_COL_188,KNOWN_COMMON_HEADER,104_SectorName,TRUE,FALSE
VAREXP_COL_189,189,104_IOA,104_IOA,104_IOA,104_IOA,104_IOA,104_IOA,104_IOA,104_IOA,104_IOA,104_IOA,COMMON_EXACT_VAREXP_COL_189,KNOWN_COMMON_HEADER,104_IOA,TRUE,FALSE
VAREXP_COL_190,190,104_Type,104_TYPE,104_Type,104_TYPE,104_Type,104_TYPE,104_Type,104_TYPE,104_Type,104_TYPE,COMMON_EXACT_VAREXP_COL_190,KNOWN_COMMON_HEADER,104_Type,TRUE,FALSE
VAREXP_COL_191,191,104_WriteIOA,104_WRITEIOA,104_WriteIOA,104_WRITEIOA,104_WriteIOA,104_WRITEIOA,104_WriteIOA,104_WRITEIOA,104_WriteIOA,104_WRITEIOA,COMMON_EXACT_VAREXP_COL_191,KNOWN_COMMON_HEADER,104_WriteIOA,TRUE,FALSE
VAREXP_COL_192,192,104_SBO,104_SBO,104_SBO,104_SBO,104_SBO,104_SBO,104_SBO,104_SBO,104_SBO,104_SBO,COMMON_EXACT_VAREXP_COL_192,KNOWN_COMMON_HEADER,104_SBO,TRUE,FALSE
VAREXP_COL_193,193,104_QLorQU,104_QLORQU,104_QLorQU,104_QLORQU,104_QLorQU,104_QLORQU,104_QLorQU,104_QLORQU,104_QLorQU,104_QLORQU,COMMON_EXACT_VAREXP_COL_193,KNOWN_COMMON_HEADER,104_QLorQU,TRUE,FALSE
VAREXP_COL_194,194,104_WriteTimeTag,104_WRITETIMETAG,104_WriteTimeTag,104_WRITETIMETAG,104_WriteTimeTag,104_WRITETIMETAG,104_WriteTimeTag,104_WRITETIMETAG,104_WriteTimeTag,104_WRITETIMETAG,COMMON_EXACT_VAREXP_COL_194,KNOWN_COMMON_HEADER,104_WriteTimeTag,TRUE,FALSE
VAREXP_COL_195,195,104_MappingBit,104_MAPPINGBIT,104_MappingBit,104_MAPPINGBIT,104_MappingBit,104_MAPPINGBIT,104_MappingBit,104_MAPPINGBIT,104_MappingBit,104_MAPPINGBIT,COMMON_EXACT_VAREXP_COL_195,KNOWN_COMMON_HEADER,104_MappingBit,TRUE,FALSE
VAREXP_COL_196,196,IEC61850_MappingType,IEC61850_MAPPINGTYPE,IEC61850_MappingType,IEC61850_MAPPINGTYPE,IEC61850_MappingType,IEC61850_MAPPINGTYPE,IEC61850_MappingType,IEC61850_MAPPINGTYPE,IEC61850_MappingType,IEC61850_MAPPINGTYPE,COMMON_EXACT_VAREXP_COL_196,KNOWN_COMMON_HEADER,IEC61850_MappingType,TRUE,FALSE
VAREXP_COL_197,197,IEC61850_Network,IEC61850_NETWORK,IEC61850_Network,IEC61850_NETWORK,IEC61850_Network,IEC61850_NETWORK,IEC61850_Network,IEC61850_NETWORK,IEC61850_Network,IEC61850_NETWORK,COMMON_EXACT_VAREXP_COL_197,KNOWN_COMMON_HEADER,IEC61850_Network,TRUE,FALSE
VAREXP_COL_198,198,IEC61850_PhysicalDevice,IEC61850_PHYSICALDEVICE,IEC61850_PhysicalDevice,IEC61850_PHYSICALDEVICE,IEC61850_PhysicalDevice,IEC61850_PHYSICALDEVICE,IEC61850_PhysicalDevice,IEC61850_PHYSICALDEVICE,IEC61850_PhysicalDevice,IEC61850_PHYSICALDEVICE,COMMON_EXACT_VAREXP_COL_198,KNOWN_COMMON_HEADER,IEC61850_PhysicalDevice,TRUE,FALSE
VAREXP_COL_199,199,IEC61850_DataGroup,IEC61850_DATAGROUP,IEC61850_DataGroup,IEC61850_DATAGROUP,IEC61850_DataGroup,IEC61850_DATAGROUP,IEC61850_DataGroup,IEC61850_DATAGROUP,IEC61850_DataGroup,IEC61850_DATAGROUP,COMMON_EXACT_VAREXP_COL_199,KNOWN_COMMON_HEADER,IEC61850_DataGroup,TRUE,FALSE
VAREXP_COL_200,200,IEC61850_DataGroupMember,IEC61850_DATAGROUPMEMBER,IEC61850_DataGroupMember,IEC61850_DATAGROUPMEMBER,IEC61850_DataGroupMember,IEC61850_DATAGROUPMEMBER,IEC61850_DataGroupMember,IEC61850_DATAGROUPMEMBER,IEC61850_DataGroupMember,IEC61850_DATAGROUPMEMBER,COMMON_EXACT_VAREXP_COL_200,KNOWN_COMMON_HEADER,IEC61850_DataGroupMember,TRUE,FALSE
VAREXP_COL_201,201,IEC61850_DataGroupMemberField,IEC61850_DATAGROUPMEMBERFIELD,IEC61850_DataGroupMemberField,IEC61850_DATAGROUPMEMBERFIELD,IEC61850_DataGroupMemberField,IEC61850_DATAGROUPMEMBERFIELD,IEC61850_DataGroupMemberField,IEC61850_DATAGROUPMEMBERFIELD,IEC61850_DataGroupMemberField,IEC61850_DATAGROUPMEMBERFIELD,COMMON_EXACT_VAREXP_COL_201,KNOWN_COMMON_HEADER,IEC61850_DataGroupMemberField,TRUE,FALSE
VAREXP_COL_202,202,,,,,,,,,,,EMPTY_POSITION_VAREXP_COL_202,RESERVED_CANDIDATE_UNCONFIRMED,VAREXP_COL_202,FALSE,TRUE
VAREXP_COL_203,203,IEC61850_CommonDataClass,IEC61850_COMMONDATACLASS,IEC61850_CommonDataClass,IEC61850_COMMONDATACLASS,IEC61850_CommonDataClass,IEC61850_COMMONDATACLASS,IEC61850_CommonDataClass,IEC61850_COMMONDATACLASS,IEC61850_CommonDataClass,IEC61850_COMMONDATACLASS,COMMON_EXACT_VAREXP_COL_203,KNOWN_COMMON_HEADER,IEC61850_CommonDataClass,TRUE,FALSE
VAREXP_COL_204,204,IEC61850_ControlModel,IEC61850_CONTROLMODEL,IEC61850_ControlModel,IEC61850_CONTROLMODEL,IEC61850_ControlModel,IEC61850_CONTROLMODEL,IEC61850_ControlModel,IEC61850_CONTROLMODEL,IEC61850_ControlModel,IEC61850_CONTROLMODEL,COMMON_EXACT_VAREXP_COL_204,KNOWN_COMMON_HEADER,IEC61850_ControlModel,TRUE,FALSE
VAREXP_COL_205,205,IEC61850_NotUseTimeStamp,IEC61850_NOTUSETIMESTAMP,IEC61850_NotUseTimeStamp,IEC61850_NOTUSETIMESTAMP,IEC61850_NotUseTimeStamp,IEC61850_NOTUSETIMESTAMP,IEC61850_NotUseTimeStamp,IEC61850_NOTUSETIMESTAMP,IEC61850_NotUseTimeStamp,IEC61850_NOTUSETIMESTAMP,COMMON_EXACT_VAREXP_COL_205,KNOWN_COMMON_HEADER,IEC61850_NotUseTimeStamp,TRUE,FALSE
VAREXP_COL_206,206,IEC61850_NotUseQuality,IEC61850_NOTUSEQUALITY,IEC61850_NotUseQuality,IEC61850_NOTUSEQUALITY,IEC61850_NotUseQuality,IEC61850_NOTUSEQUALITY,IEC61850_NotUseQuality,IEC61850_NOTUSEQUALITY,IEC61850_NotUseQuality,IEC61850_NOTUSEQUALITY,COMMON_EXACT_VAREXP_COL_206,KNOWN_COMMON_HEADER,IEC61850_NotUseQuality,TRUE,FALSE
VAREXP_COL_207,207,,,,,,,,,,,EMPTY_POSITION_VAREXP_COL_207,RESERVED_CANDIDATE_UNCONFIRMED,VAREXP_COL_207,FALSE,TRUE
VAREXP_COL_208,208,,,,,,,,,,,EMPTY_POSITION_VAREXP_COL_208,RESERVED_CANDIDATE_UNCONFIRMED,VAREXP_COL_208,FALSE,TRUE
VAREXP_COL_209,209,,,,,,,,,,,EMPTY_POSITION_VAREXP_COL_209,RESERVED_CANDIDATE_UNCONFIRMED,VAREXP_COL_209,FALSE,TRUE
VAREXP_COL_210,210,BACnet_EDEFileName,BACNET_EDEFILENAME,BACnet_EDEFileName,BACNET_EDEFILENAME,BACnet_EDEFileName,BACNET_EDEFILENAME,BACnet_EDEFileName,BACNET_EDEFILENAME,BACnet_EDEFileName,BACNET_EDEFILENAME,COMMON_EXACT_VAREXP_COL_210,KNOWN_COMMON_HEADER,BACnet_EDEFileName,TRUE,FALSE
VAREXP_COL_211,211,BACnet_EDEKeyname,BACNET_EDEKEYNAME,BACnet_EDEKeyname,BACNET_EDEKEYNAME,BACnet_EDEKeyname,BACNET_EDEKEYNAME,BACnet_EDEKeyname,BACNET_EDEKEYNAME,BACnet_EDEKeyname,BACNET_EDEKEYNAME,COMMON_EXACT_VAREXP_COL_211,KNOWN_COMMON_HEADER,BACnet_EDEKeyname,TRUE,FALSE
VAREXP_COL_212,212,104_Signed,104_SIGNED,104_Signed,104_SIGNED,104_Signed,104_SIGNED,104_Signed,104_SIGNED,104_Signed,104_SIGNED,COMMON_EXACT_VAREXP_COL_212,KNOWN_COMMON_HEADER,104_Signed,TRUE,FALSE
VAREXP_COL_213,213,,,,,,,,,,,EMPTY_POSITION_VAREXP_COL_213,RESERVED_CANDIDATE_UNCONFIRMED,VAREXP_COL_213,FALSE,TRUE
VAREXP_COL_214,214,,,,,,,,,,,EMPTY_POSITION_VAREXP_COL_214,RESERVED_CANDIDATE_UNCONFIRMED,VAREXP_COL_214,FALSE,TRUE
VAREXP_COL_215,215,,,,,,,,,,,EMPTY_POSITION_VAREXP_COL_215,RESERVED_CANDIDATE_UNCONFIRMED,VAREXP_COL_215,FALSE,TRUE
VAREXP_COL_216,216,,,,,,,,,,,EMPTY_POSITION_VAREXP_COL_216,RESERVED_CANDIDATE_UNCONFIRMED,VAREXP_COL_216,FALSE,TRUE
VAREXP_COL_217,217,,,,,,,,,,,EMPTY_POSITION_VAREXP_COL_217,RESERVED_CANDIDATE_UNCONFIRMED,VAREXP_COL_217,FALSE,TRUE
VAREXP_COL_218,218,,,,,,,,,,,EMPTY_POSITION_VAREXP_COL_218,RESERVED_CANDIDATE_UNCONFIRMED,VAREXP_COL_218,FALSE,TRUE
VAREXP_COL_219,219,,,,,,,,,,,EMPTY_POSITION_VAREXP_COL_219,RESERVED_CANDIDATE_UNCONFIRMED,VAREXP_COL_219,FALSE,TRUE
VAREXP_COL_220,220,,,,,,,,,,,EMPTY_POSITION_VAREXP_COL_220,RESERVED_CANDIDATE_UNCONFIRMED,VAREXP_COL_220,FALSE,TRUE
VAREXP_COL_221,221,,,,,,,,,,,EMPTY_POSITION_VAREXP_COL_221,RESERVED_CANDIDATE_UNCONFIRMED,VAREXP_COL_221,FALSE,TRUE
VAREXP_COL_222,222,,,,,,,,,,,EMPTY_POSITION_VAREXP_COL_222,RESERVED_CANDIDATE_UNCONFIRMED,VAREXP_COL_222,FALSE,TRUE
VAREXP_COL_223,223,,,,,,,,,,,EMPTY_POSITION_VAREXP_COL_223,RESERVED_CANDIDATE_UNCONFIRMED,VAREXP_COL_223,FALSE,TRUE
VAREXP_COL_224,224,BACnet_VarType,BACNET_VARTYPE,BACnet_VarType,BACNET_VARTYPE,BACnet_VarType,BACNET_VARTYPE,BACnet_VarType,BACNET_VARTYPE,BACnet_VarType,BACNET_VARTYPE,COMMON_EXACT_VAREXP_COL_224,KNOWN_COMMON_HEADER,BACnet_VarType,TRUE,FALSE
VAREXP_COL_225,225,BACnet_AlarmType,BACNET_ALARMTYPE,BACnet_AlarmType,BACNET_ALARMTYPE,BACnet_AlarmType,BACNET_ALARMTYPE,BACnet_AlarmType,BACNET_ALARMTYPE,BACnet_AlarmType,BACNET_ALARMTYPE,COMMON_EXACT_VAREXP_COL_225,KNOWN_COMMON_HEADER,BACnet_AlarmType,TRUE,FALSE
VAREXP_COL_226,226,,,,,,,,,,,EMPTY_POSITION_VAREXP_COL_226,RESERVED_CANDIDATE_UNCONFIRMED,VAREXP_COL_226,FALSE,TRUE
VAREXP_COL_227,227,,,,,,,,,,,EMPTY_POSITION_VAREXP_COL_227,RESERVED_CANDIDATE_UNCONFIRMED,VAREXP_COL_227,FALSE,TRUE
VAREXP_COL_228,228,,,,,,,,,,,EMPTY_POSITION_VAREXP_COL_228,RESERVED_CANDIDATE_UNCONFIRMED,VAREXP_COL_228,FALSE,TRUE
VAREXP_COL_229,229,,,,,,,,,,,EMPTY_POSITION_VAREXP_COL_229,RESERVED_CANDIDATE_UNCONFIRMED,VAREXP_COL_229,FALSE,TRUE
VAREXP_COL_230,230,,,,,,,,,,,EMPTY_POSITION_VAREXP_COL_230,RESERVED_CANDIDATE_UNCONFIRMED,VAREXP_COL_230,FALSE,TRUE
VAREXP_COL_231,231,,,,,,,,,,,EMPTY_POSITION_VAREXP_COL_231,RESERVED_CANDIDATE_UNCONFIRMED,VAREXP_COL_231,FALSE,TRUE
VAREXP_COL_232,232,,,,,,,,,,,EMPTY_POSITION_VAREXP_COL_232,RESERVED_CANDIDATE_UNCONFIRMED,VAREXP_COL_232,FALSE,TRUE
VAREXP_COL_233,233,,,,,,,,,,,EMPTY_POSITION_VAREXP_COL_233,RESERVED_CANDIDATE_UNCONFIRMED,VAREXP_COL_233,FALSE,TRUE
VAREXP_COL_234,234,,,,,,,,,,,EMPTY_POSITION_VAREXP_COL_234,RESERVED_CANDIDATE_UNCONFIRMED,VAREXP_COL_234,FALSE,TRUE
VAREXP_COL_235,235,,,,,,,,,,,EMPTY_POSITION_VAREXP_COL_235,RESERVED_CANDIDATE_UNCONFIRMED,VAREXP_COL_235,FALSE,TRUE
VAREXP_COL_236,236,SNMP_NetworkName,SNMP_NETWORKNAME,SNMP_NetworkName,SNMP_NETWORKNAME,SNMP_NetworkName,SNMP_NETWORKNAME,SNMP_NetworkName,SNMP_NETWORKNAME,SNMP_NetworkName,SNMP_NETWORKNAME,COMMON_EXACT_VAREXP_COL_236,KNOWN_COMMON_HEADER,SNMP_NetworkName,TRUE,FALSE
VAREXP_COL_237,237,SNMP_DeviceName,SNMP_DEVICENAME,SNMP_DeviceName,SNMP_DEVICENAME,SNMP_DeviceName,SNMP_DEVICENAME,SNMP_DeviceName,SNMP_DEVICENAME,SNMP_DeviceName,SNMP_DEVICENAME,COMMON_EXACT_VAREXP_COL_237,KNOWN_COMMON_HEADER,SNMP_DeviceName,TRUE,FALSE
VAREXP_COL_238,238,SNMP_ScanGroupName,SNMP_SCANGROUPNAME,SNMP_ScanGroupName,SNMP_SCANGROUPNAME,SNMP_ScanGroupName,SNMP_SCANGROUPNAME,SNMP_ScanGroupName,SNMP_SCANGROUPNAME,SNMP_ScanGroupName,SNMP_SCANGROUPNAME,COMMON_EXACT_VAREXP_COL_238,KNOWN_COMMON_HEADER,SNMP_ScanGroupName,TRUE,FALSE
VAREXP_COL_239,239,SNMP_DataType,SNMP_DATATYPE,SNMP_DataType,SNMP_DATATYPE,SNMP_DataType,SNMP_DATATYPE,SNMP_DataType,SNMP_DATATYPE,SNMP_DataType,SNMP_DATATYPE,COMMON_EXACT_VAREXP_COL_239,KNOWN_COMMON_HEADER,SNMP_DataType,TRUE,FALSE
VAREXP_COL_240,240,SNMP_OID,SNMP_OID,SNMP_OID,SNMP_OID,SNMP_OID,SNMP_OID,SNMP_OID,SNMP_OID,SNMP_OID,SNMP_OID,COMMON_EXACT_VAREXP_COL_240,KNOWN_COMMON_HEADER,SNMP_OID,TRUE,FALSE
VAREXP_COL_241,241,SNMP_DisableReading,SNMP_DISABLEREADING,SNMP_DisableReading,SNMP_DISABLEREADING,SNMP_DisableReading,SNMP_DISABLEREADING,SNMP_DisableReading,SNMP_DISABLEREADING,SNMP_DisableReading,SNMP_DISABLEREADING,COMMON_EXACT_VAREXP_COL_241,KNOWN_COMMON_HEADER,SNMP_DisableReading,TRUE,FALSE
VAREXP_COL_242,242,SNMP_WithInitialValue,SNMP_WITHINITIALVALUE,SNMP_WithInitialvalue,SNMP_WITHINITIALVALUE,SNMP_WithInitialValue,SNMP_WITHINITIALVALUE,SNMP_WithInitialValue,SNMP_WITHINITIALVALUE,SNMP_WithInitialvalue,SNMP_WITHINITIALVALUE,CASE_ALIAS_VAREXP_COL_242,CASE_ONLY_VARIANT,SNMP_WithInitialValue,TRUE,FALSE
VAREXP_COL_243,243,SNMP_InitialValue,SNMP_INITIALVALUE,SNMP_Initialvalue,SNMP_INITIALVALUE,SNMP_InitialValue,SNMP_INITIALVALUE,SNMP_InitialValue,SNMP_INITIALVALUE,SNMP_Initialvalue,SNMP_INITIALVALUE,CASE_ALIAS_VAREXP_COL_243,CASE_ONLY_VARIANT,SNMP_InitialValue,TRUE,FALSE
VAREXP_COL_244,244,SNMP_Offset,SNMP_OFFSET,SNMP_Offset,SNMP_OFFSET,SNMP_Offset,SNMP_OFFSET,SNMP_Offset,SNMP_OFFSET,SNMP_Offset,SNMP_OFFSET,COMMON_EXACT_VAREXP_COL_244,KNOWN_COMMON_HEADER,SNMP_Offset,TRUE,FALSE
VAREXP_COL_245,245,SNMP_ExtractionField,SNMP_EXTRACTIONFIELD,SNMP_ExtractionField,SNMP_EXTRACTIONFIELD,SNMP_ExtractionField,SNMP_EXTRACTIONFIELD,SNMP_ExtractionField,SNMP_EXTRACTIONFIELD,SNMP_ExtractionField,SNMP_EXTRACTIONFIELD,COMMON_EXACT_VAREXP_COL_245,KNOWN_COMMON_HEADER,SNMP_ExtractionField,TRUE,FALSE
VAREXP_COL_246,246,SNMP_RemoveNoPrintableCharacters,SNMP_REMOVENOPRINTABLECHARACTERS,SNMP_RemoveNoPrintableCharacters,SNMP_REMOVENOPRINTABLECHARACTERS,SNMP_RemoveNoPrintableCharacters,SNMP_REMOVENOPRINTABLECHARACTERS,SNMP_RemoveNoPrintableCharacters,SNMP_REMOVENOPRINTABLECHARACTERS,SNMP_RemoveNoPrintableCharacters,SNMP_REMOVENOPRINTABLECHARACTERS,COMMON_EXACT_VAREXP_COL_246,KNOWN_COMMON_HEADER,SNMP_RemoveNoPrintableCharacters,TRUE,FALSE
VAREXP_COL_247,247,,,,,,,,,,,EMPTY_POSITION_VAREXP_COL_247,RESERVED_CANDIDATE_UNCONFIRMED,VAREXP_COL_247,FALSE,TRUE
VAREXP_COL_248,248,,,,,,,,,,,EMPTY_POSITION_VAREXP_COL_248,RESERVED_CANDIDATE_UNCONFIRMED,VAREXP_COL_248,FALSE,TRUE
VAREXP_COL_249,249,,,,,,,,,,,EMPTY_POSITION_VAREXP_COL_249,RESERVED_CANDIDATE_UNCONFIRMED,VAREXP_COL_249,FALSE,TRUE
VAREXP_COL_250,250,,,,,,,,,,,EMPTY_POSITION_VAREXP_COL_250,RESERVED_CANDIDATE_UNCONFIRMED,VAREXP_COL_250,FALSE,TRUE
VAREXP_COL_251,251,,,,,,,,,,,EMPTY_POSITION_VAREXP_COL_251,RESERVED_CANDIDATE_UNCONFIRMED,VAREXP_COL_251,FALSE,TRUE
VAREXP_COL_252,252,104_ReadTimeTag,104_READTIMETAG,104_ReadTimeTag,104_READTIMETAG,104_ReadTimeTag,104_READTIMETAG,104_ReadTimeTag,104_READTIMETAG,104_ReadTimeTag,104_READTIMETAG,COMMON_EXACT_VAREXP_COL_252,KNOWN_COMMON_HEADER,104_ReadTimeTag,TRUE,FALSE
VAREXP_COL_253,253,,,,,,,,,,,EMPTY_POSITION_VAREXP_COL_253,RESERVED_CANDIDATE_UNCONFIRMED,VAREXP_COL_253,FALSE,TRUE
VAREXP_COL_254,254,,,,,,,,,,,EMPTY_POSITION_VAREXP_COL_254,RESERVED_CANDIDATE_UNCONFIRMED,VAREXP_COL_254,FALSE,TRUE
VAREXP_COL_255,255,,,,,,,,,,,EMPTY_POSITION_VAREXP_COL_255,RESERVED_CANDIDATE_UNCONFIRMED,VAREXP_COL_255,FALSE,TRUE
VAREXP_COL_256,256,,,,,,,,,,,EMPTY_POSITION_VAREXP_COL_256,RESERVED_CANDIDATE_UNCONFIRMED,VAREXP_COL_256,FALSE,TRUE
VAREXP_COL_257,257,OPCUA_NetworkName,OPCUA_NETWORKNAME,OPCUA_NetworkName,OPCUA_NETWORKNAME,OPCUA_NetworkName,OPCUA_NETWORKNAME,OPCUA_NetworkName,OPCUA_NETWORKNAME,OPCUA_NetworkName,OPCUA_NETWORKNAME,COMMON_EXACT_VAREXP_COL_257,KNOWN_COMMON_HEADER,OPCUA_NetworkName,TRUE,FALSE
VAREXP_COL_258,258,OPCUA_ClientName,OPCUA_CLIENTNAME,OPCUA_ClientName,OPCUA_CLIENTNAME,OPCUA_ClientName,OPCUA_CLIENTNAME,OPCUA_ClientName,OPCUA_CLIENTNAME,OPCUA_ClientName,OPCUA_CLIENTNAME,COMMON_EXACT_VAREXP_COL_258,KNOWN_COMMON_HEADER,OPCUA_ClientName,TRUE,FALSE
VAREXP_COL_259,259,OPCUA_MonitoringName,OPCUA_MONITORINGNAME,OPCUA_MonitoringName,OPCUA_MONITORINGNAME,OPCUA_MonitoringName,OPCUA_MONITORINGNAME,OPCUA_MonitoringName,OPCUA_MONITORINGNAME,OPCUA_MonitoringName,OPCUA_MONITORINGNAME,COMMON_EXACT_VAREXP_COL_259,KNOWN_COMMON_HEADER,OPCUA_MonitoringName,TRUE,FALSE
VAREXP_COL_260,260,OPCUA_Identifier,OPCUA_IDENTIFIER,OPCUA_Identifier,OPCUA_IDENTIFIER,OPCUA_Identifier,OPCUA_IDENTIFIER,OPCUA_Identifier,OPCUA_IDENTIFIER,OPCUA_Identifier,OPCUA_IDENTIFIER,COMMON_EXACT_VAREXP_COL_260,KNOWN_COMMON_HEADER,OPCUA_Identifier,TRUE,FALSE
VAREXP_COL_261,261,OPCUA_IdentifierType,OPCUA_IDENTIFIERTYPE,OPCUA_IdentifierType,OPCUA_IDENTIFIERTYPE,OPCUA_IdentifierType,OPCUA_IDENTIFIERTYPE,OPCUA_IdentifierType,OPCUA_IDENTIFIERTYPE,OPCUA_IdentifierType,OPCUA_IDENTIFIERTYPE,COMMON_EXACT_VAREXP_COL_261,KNOWN_COMMON_HEADER,OPCUA_IdentifierType,TRUE,FALSE
VAREXP_COL_262,262,OPCUA_NamespaceIndex,OPCUA_NAMESPACEINDEX,OPCUA_NamespaceIndex,OPCUA_NAMESPACEINDEX,OPCUA_NamespaceIndex,OPCUA_NAMESPACEINDEX,OPCUA_NamespaceIndex,OPCUA_NAMESPACEINDEX,OPCUA_NamespaceIndex,OPCUA_NAMESPACEINDEX,COMMON_EXACT_VAREXP_COL_262,KNOWN_COMMON_HEADER,OPCUA_NamespaceIndex,TRUE,FALSE
