"Path","SizeBytes","Type","Category","GitState","SecurityDecision"
".gitignore","1544",".gitignore","Repository Policy","MODIFIED_TRACKED","APPROVED"
"00_Governance/AI_STATUS.md","5777",".md","Governance","MODIFIED_TRACKED","APPROVED"
"00_Governance/BACKLOG.md","16668",".md","Governance","MODIFIED_TRACKED","APPROVED"
"00_Governance/CHANGELOG.md","49460",".md","Governance","MODIFIED_TRACKED","APPROVED"
"00_Governance/decisions/ADR-002_PCVUE_OPERATOR_CONFIGURATION_INTEGRITY_BOUNDARY.md","1644",".md","Governance","UNTRACKED","APPROVED"
"03_Development/tools/pcvue-csv-header-sample-collector-rc5/Check-SampleCollector.ps1","6372",".ps1","Source","UNTRACKED","APPROVED"
"03_Development/tools/pcvue-csv-header-sample-collector-rc5/Collect-PCVueCsvHeaders.ps1","20327",".ps1","Source","UNTRACKED","APPROVED"
"03_Development/tools/pcvue-csv-header-sample-collector-rc5/PACKAGE_SHA256SUMS.txt","525",".txt","Source","UNTRACKED","APPROVED"
"03_Development/tools/pcvue-csv-header-sample-collector-rc5/README_KO.txt","766",".txt","Source","UNTRACKED","APPROVED"
"03_Development/tools/pcvue-csv-header-sample-collector-rc5/RUN_SAMPLE_COLLECTOR.cmd","783",".cmd","Source","UNTRACKED","APPROVED"
"03_Development/tools/pcvue-csv-header-sample-collector-rc5/SampleConfig.psd1","1485",".psd1","Source","UNTRACKED","APPROVED"
"03_Development/tools/pcvue-csv-header-sample-collector-rc5/VERSION.txt","179",".txt","Source","UNTRACKED","APPROVED"
"03_Development/tools/pcvue-offline-data-collector-v1/RUN_COLLECTOR.cmd","554",".cmd","Source","UNTRACKED","APPROVED"
"03_Development/tools/pcvue-offline-data-collector-v1/Test-RC61OperatorConfiguration.ps1","6356",".ps1","Source","UNTRACKED","APPROVED"
"03_Development/tools/pcvue-varexp-limited-tag-pilot-rc1/Check-PilotCollector.ps1","4091",".ps1","Source","UNTRACKED","APPROVED"
"03_Development/tools/pcvue-varexp-limited-tag-pilot-rc1/Collect-LimitedVarexpTags.ps1","12163",".ps1","Source","UNTRACKED","APPROVED"
"03_Development/tools/pcvue-varexp-limited-tag-pilot-rc1/PACKAGE_SHA256SUMS.txt","522",".txt","Source","UNTRACKED","APPROVED"
"03_Development/tools/pcvue-varexp-limited-tag-pilot-rc1/PilotConfig.psd1","1035",".psd1","Source","UNTRACKED","APPROVED"
"03_Development/tools/pcvue-varexp-limited-tag-pilot-rc1/README_KO.txt","258",".txt","Source","UNTRACKED","APPROVED"
"03_Development/tools/pcvue-varexp-limited-tag-pilot-rc1/RUN_LIMITED_PILOT.cmd","727",".cmd","Source","UNTRACKED","APPROVED"
"03_Development/tools/pcvue-varexp-limited-tag-pilot-rc1/VERSION.txt","106",".txt","Source","UNTRACKED","APPROVED"
"03_Development/tools/pcvue-varexp-minimal-hierarchy-pilot-rc1/Check-PilotCollector.ps1","4177",".ps1","Source","UNTRACKED","APPROVED"
"03_Development/tools/pcvue-varexp-minimal-hierarchy-pilot-rc1/Collect-LimitedVarexpTags.ps1","16465",".ps1","Source","UNTRACKED","APPROVED"
"03_Development/tools/pcvue-varexp-minimal-hierarchy-pilot-rc1/PACKAGE_SHA256SUMS.txt","522",".txt","Source","UNTRACKED","APPROVED"
"03_Development/tools/pcvue-varexp-minimal-hierarchy-pilot-rc1/PilotConfig.psd1","1167",".psd1","Source","UNTRACKED","APPROVED"
"03_Development/tools/pcvue-varexp-minimal-hierarchy-pilot-rc1/README_KO.txt","216",".txt","Source","UNTRACKED","APPROVED"
"03_Development/tools/pcvue-varexp-minimal-hierarchy-pilot-rc1/RUN_LIMITED_PILOT.cmd","727",".cmd","Source","UNTRACKED","APPROVED"
"03_Development/tools/pcvue-varexp-minimal-hierarchy-pilot-rc1/VERSION.txt","118",".txt","Source","UNTRACKED","APPROVED"
"05_QA/2026-08-12_PCV-001_RC61_OPERATOR_CONFIGURATION_TEST_REPORT.md","2397",".md","Durable QA","UNTRACKED","APPROVED"
"05_QA/2026-08-13_PCV_PHASE3_RC5_FIXTURE_MATRIX.csv","1074",".csv","Durable QA","UNTRACKED","APPROVED"
"05_QA/2026-08-13_PCV_PHASE3_RC5_POWERSHELL51_E2E_REPORT.md","1114",".md","Durable QA","UNTRACKED","APPROVED"
"05_QA/2026-08-13_PCV_PHASE3_RC5_READ_BOUNDARY_RESULTS.md","1326",".md","Durable QA","UNTRACKED","APPROVED"
"05_QA/2026-08-14_PCV_PHASE4_LIMITED_PILOT_FIXTURE_MATRIX.csv","1080",".csv","Durable QA","UNTRACKED","APPROVED"
"05_QA/2026-08-14_PCV_PHASE4_LIMITED_PILOT_LEAKAGE_TEST_RESULTS.md","912",".md","Durable QA","UNTRACKED","APPROVED"
"05_QA/2026-08-14_PCV_PHASE4_LIMITED_PILOT_POWERSHELL51_E2E_REPORT.md","870",".md","Durable QA","UNTRACKED","APPROVED"
"05_QA/2026-08-14_PCV_PHASE4_LIMITED_PILOT_READ_BOUNDARY_RESULTS.md","960",".md","Durable QA","UNTRACKED","APPROVED"
"05_QA/2026-08-14_PCV_PHASE42_FIELD_LEAKAGE_RESULTS.md","673",".md","Durable QA","UNTRACKED","APPROVED"
"05_QA/2026-08-14_PCV_PHASE42_FIXTURE_MATRIX.csv","1008",".csv","Durable QA","UNTRACKED","APPROVED"
"05_QA/2026-08-14_PCV_PHASE42_MINIMAL_HIERARCHY_POWERSHELL51_E2E_REPORT.md","676",".md","Durable QA","UNTRACKED","APPROVED"
"05_QA/2026-08-14_PCV_PHASE42_READ_BOUNDARY_RESULTS.md","674",".md","Durable QA","UNTRACKED","APPROVED"
"05_QA/2026-08-14_PCV_PHASE42_SECRET_DETECTION_REGRESSION.md","942",".md","Durable QA","UNTRACKED","APPROVED"
"05_QA/2026-08-14_PCV_PHASE42_TAG_IDENTITY_QA_RESULTS.md","634",".md","Durable QA","UNTRACKED","APPROVED"
"05_QA/fixtures/PCV-RC61/AdditionalProjectRoots.txt","17",".txt","Synthetic Safe Fixture","UNTRACKED","APPROVED"
"05_QA/migration_gate1_2026-08-14/FIELDDATA_FINAL_STRUCTURE.md","799",".md","Durable QA","UNTRACKED","APPROVED"
"05_QA/migration_gate1_2026-08-14/GITIGNORE_FINAL_PROPOSAL.md","1475",".md","Durable QA","UNTRACKED","APPROVED"
"05_QA/migration_gate1_2026-08-14/GOVERNANCE_MODIFIED_FILE_FINAL_REVIEW.md","1849",".md","Durable QA","UNTRACKED","APPROVED"
"05_QA/migration_gate1_2026-08-14/MANUAL_REVIEW_FINAL_CLASSIFICATION.csv","56637",".csv","Durable QA","UNTRACKED","APPROVED"
"05_QA/migration_gate1_2026-08-14/MIGRATION_GATE1_DECISION.md","1284",".md","Durable QA","UNTRACKED","APPROVED"
"05_QA/migration_gate1_2026-08-14/RELEASE_ARTIFACT_POLICY.md","949",".md","Durable QA","UNTRACKED","APPROVED"
"05_QA/migration_gate1_2026-08-14/SYNTHETIC_FIXTURE_RETENTION_POLICY.md","1237",".md","Durable QA","UNTRACKED","APPROVED"
"05_QA/migration_gate2_2026-08-14/DELETE_CANDIDATE_CONFIRMATION.md","359",".md","Durable QA","UNTRACKED","APPROVED"
"05_QA/migration_gate2_2026-08-14/FIELDDATA_COPY_VERIFICATION.md","870",".md","Durable QA","UNTRACKED","APPROVED"
"05_QA/migration_gate2_2026-08-14/FIELDDATA_MIGRATION_MANIFEST.csv","1318612",".csv","Durable QA","UNTRACKED","APPROVED"
"05_QA/migration_gate2_2026-08-14/GITIGNORE_APPLICATION_REPORT.md","655",".md","Durable QA","UNTRACKED","APPROVED"
"05_QA/migration_gate2_2026-08-14/MIGRATION_GATE2_DECISION.md","633",".md","Durable QA","UNTRACKED","APPROVED"
"05_QA/migration_gate2_2026-08-14/POST_GITIGNORE_WORKTREE_ANALYSIS.md","504",".md","Durable QA","UNTRACKED","APPROVED"
"05_QA/migration_gate3_2026-08-14/BASELINE_COMMIT_REPORT.md","409",".md","Durable QA","UNTRACKED","APPROVED"
"05_QA/migration_gate3_2026-08-14/MIGRATION_GATE3_DECISION.md","644",".md","Durable QA","UNTRACKED","APPROVED"
"05_QA/migration_gate3_2026-08-14/POST_CLEANUP_INVENTORY.md","636",".md","Durable QA","UNTRACKED","APPROVED"
"05_QA/migration_gate3_2026-08-14/PRECOMMIT_SECURITY_GATE_REPORT.md","899",".md","Durable QA","UNTRACKED","APPROVED"
"05_QA/migration_gate3_2026-08-14/REPOSITORY_CLEANUP_REPORT.md","619",".md","Durable QA","UNTRACKED","APPROVED"
"05_QA/migration_gate3_2026-08-14/STAGED_ARTIFACT_MANIFEST.csv","31068",".csv","Durable QA","UNTRACKED","APPROVED"
"05_QA/migration_preparation_2026-08-14/CURRENT_TO_TARGET_FOLDER_MAPPING.csv","1801",".csv","Durable QA","UNTRACKED","APPROVED"
"05_QA/migration_preparation_2026-08-14/FIELD_DATA_EXTERNAL_STORAGE_PLAN.md","1240",".md","Durable QA","UNTRACKED","APPROVED"
"05_QA/migration_preparation_2026-08-14/GITIGNORE_PROPOSAL.md","1198",".md","Durable QA","UNTRACKED","APPROVED"
"05_QA/migration_preparation_2026-08-14/HOME_OFFICE_GIT_WORKFLOW.md","1138",".md","Durable QA","UNTRACKED","APPROVED"
"05_QA/migration_preparation_2026-08-14/MIGRATION_EXECUTION_PLAN.md","2329",".md","Durable QA","UNTRACKED","APPROVED"
"05_QA/migration_preparation_2026-08-14/MODIFIED_FILE_REVIEW.md","722",".md","Durable QA","UNTRACKED","APPROVED"
"05_QA/migration_preparation_2026-08-14/PHASE_ARTIFACT_GIT_RETENTION_MATRIX.csv","2641",".csv","Durable QA","UNTRACKED","APPROVED"
"05_QA/migration_preparation_2026-08-14/PROJECT_BACKUP_PRE_MIGRATION_MANIFEST.csv","432404",".csv","Durable QA","UNTRACKED","APPROVED"
"05_QA/migration_preparation_2026-08-14/UNTRACKED_FILE_CLASSIFICATION.csv","537135",".csv","Durable QA","UNTRACKED","APPROVED"
"05_QA/phase4_2_minimal_hierarchy_pilot_rc1/byteBoundary/Project Files/USR/SSV Integrated Project/C1/Shared/A/varexp/plc_m_varexp.csv","9370",".csv","Synthetic Safe Fixture","UNTRACKED","APPROVED"
"05_QA/phase4_2_minimal_hierarchy_pilot_rc1/byteBoundary/Project Files/USR/SSV Integrated Project/C1/Shared/B/varexp/G03_varexp.csv","9462",".csv","Synthetic Safe Fixture","UNTRACKED","APPROVED"
"05_QA/phase4_2_minimal_hierarchy_pilot_rc1/byteBoundary/Project Files/USR/SSV Integrated Project/C1/Shared/C/varexp/BFU_varexp.csv","9462",".csv","Synthetic Safe Fixture","UNTRACKED","APPROVED"
"05_QA/phase4_2_minimal_hierarchy_pilot_rc1/byteBoundary/Project Files/USR/SSV Integrated Project/C1/Shared/ELEC/varexp/E02_varexp.csv","9395",".csv","Synthetic Safe Fixture","UNTRACKED","APPROVED"
"05_QA/phase4_2_minimal_hierarchy_pilot_rc1/byteBoundary/Project Files/USR/SSV Integrated Project/C1/Shared/varexp_main.csv","279463",".csv","Synthetic Safe Fixture","UNTRACKED","APPROVED"
"05_QA/phase4_2_minimal_hierarchy_pilot_rc1/global101/Project Files/USR/SSV Integrated Project/C1/Shared/A/varexp/plc_m_varexp.csv","10176",".csv","Synthetic Safe Fixture","UNTRACKED","APPROVED"
"05_QA/phase4_2_minimal_hierarchy_pilot_rc1/global101/Project Files/USR/SSV Integrated Project/C1/Shared/B/varexp/G03_varexp.csv","10243",".csv","Synthetic Safe Fixture","UNTRACKED","APPROVED"
"05_QA/phase4_2_minimal_hierarchy_pilot_rc1/global101/Project Files/USR/SSV Integrated Project/C1/Shared/C/varexp/BFU_varexp.csv","10243",".csv","Synthetic Safe Fixture","UNTRACKED","APPROVED"
"05_QA/phase4_2_minimal_hierarchy_pilot_rc1/global101/Project Files/USR/SSV Integrated Project/C1/Shared/ELEC/varexp/E02_varexp.csv","10176",".csv","Synthetic Safe Fixture","UNTRACKED","APPROVED"
"05_QA/phase4_2_minimal_hierarchy_pilot_rc1/global101/Project Files/USR/SSV Integrated Project/C1/Shared/varexp_main.csv","10627",".csv","Synthetic Safe Fixture","UNTRACKED","APPROVED"
"05_QA/phase4_2_minimal_hierarchy_pilot_rc1/main/Project Files/USR/SSV Integrated Project/C1/Shared/A/varexp/plc_m_varexp.csv","10150",".csv","Synthetic Safe Fixture","UNTRACKED","APPROVED"
"05_QA/phase4_2_minimal_hierarchy_pilot_rc1/main/Project Files/USR/SSV Integrated Project/C1/Shared/B/varexp/G03_varexp.csv","10242",".csv","Synthetic Safe Fixture","UNTRACKED","APPROVED"
"05_QA/phase4_2_minimal_hierarchy_pilot_rc1/main/Project Files/USR/SSV Integrated Project/C1/Shared/C/varexp/BFU_varexp.csv","10242",".csv","Synthetic Safe Fixture","UNTRACKED","APPROVED"
"05_QA/phase4_2_minimal_hierarchy_pilot_rc1/main/Project Files/USR/SSV Integrated Project/C1/Shared/ELEC/varexp/E02_varexp.csv","10175",".csv","Synthetic Safe Fixture","UNTRACKED","APPROVED"
"05_QA/phase4_2_minimal_hierarchy_pilot_rc1/main/Project Files/USR/SSV Integrated Project/C1/Shared/varexp_main.csv","10242",".csv","Synthetic Safe Fixture","UNTRACKED","APPROVED"
"05_QA/phase4_2_minimal_hierarchy_pilot_rc1/malformed261/Project Files/USR/SSV Integrated Project/C1/Shared/A/varexp/plc_m_varexp.csv","9396",".csv","Synthetic Safe Fixture","UNTRACKED","APPROVED"
"05_QA/phase4_2_minimal_hierarchy_pilot_rc1/malformed261/Project Files/USR/SSV Integrated Project/C1/Shared/B/varexp/G03_varexp.csv","9462",".csv","Synthetic Safe Fixture","UNTRACKED","APPROVED"
"05_QA/phase4_2_minimal_hierarchy_pilot_rc1/malformed261/Project Files/USR/SSV Integrated Project/C1/Shared/C/varexp/BFU_varexp.csv","9463",".csv","Synthetic Safe Fixture","UNTRACKED","APPROVED"
"05_QA/phase4_2_minimal_hierarchy_pilot_rc1/malformed261/Project Files/USR/SSV Integrated Project/C1/Shared/ELEC/varexp/E02_varexp.csv","9396",".csv","Synthetic Safe Fixture","UNTRACKED","APPROVED"
"05_QA/phase4_2_minimal_hierarchy_pilot_rc1/malformed261/Project Files/USR/SSV Integrated Project/C1/Shared/varexp_main.csv","9463",".csv","Synthetic Safe Fixture","UNTRACKED","APPROVED"
"05_QA/phase4_2_minimal_hierarchy_pilot_rc1/malformed263/Project Files/USR/SSV Integrated Project/C1/Shared/A/varexp/plc_m_varexp.csv","9396",".csv","Synthetic Safe Fixture","UNTRACKED","APPROVED"
"05_QA/phase4_2_minimal_hierarchy_pilot_rc1/malformed263/Project Files/USR/SSV Integrated Project/C1/Shared/B/varexp/G03_varexp.csv","9463",".csv","Synthetic Safe Fixture","UNTRACKED","APPROVED"
"05_QA/phase4_2_minimal_hierarchy_pilot_rc1/malformed263/Project Files/USR/SSV Integrated Project/C1/Shared/C/varexp/BFU_varexp.csv","9469",".csv","Synthetic Safe Fixture","UNTRACKED","APPROVED"
"05_QA/phase4_2_minimal_hierarchy_pilot_rc1/malformed263/Project Files/USR/SSV Integrated Project/C1/Shared/ELEC/varexp/E02_varexp.csv","9396",".csv","Synthetic Safe Fixture","UNTRACKED","APPROVED"
"05_QA/phase4_2_minimal_hierarchy_pilot_rc1/malformed263/Project Files/USR/SSV Integrated Project/C1/Shared/varexp_main.csv","9463",".csv","Synthetic Safe Fixture","UNTRACKED","APPROVED"
"05_QA/phase4_2_minimal_hierarchy_pilot_rc1/PilotConfig_Global101.psd1","1125",".psd1","Durable QA","UNTRACKED","APPROVED"
"05_QA/rc5_nonproduction/fixture_main/DO_NOT_READ.dat","38",".dat","Synthetic Safe Fixture","UNTRACKED","APPROVED"
"05_QA/rc5_nonproduction/fixture_main/DO_NOT_READ.xlsx","39",".xlsx","Synthetic Safe Fixture","UNTRACKED","APPROVED"
"05_QA/rc5_nonproduction/fixture_main/DO_NOT_READ.xml","38",".xml","Synthetic Safe Fixture","UNTRACKED","APPROVED"
"05_QA/rc5_nonproduction/fixture_main/UNAPPROVED_SENTINEL.csv","34",".csv","Synthetic Safe Fixture","UNTRACKED","APPROVED"
"05_QA/rc5_nonproduction/fixture_main/USR/SSV Integrated Project/C1/Server Station/histo_log.csv","75",".csv","Synthetic Safe Fixture","UNTRACKED","APPROVED"
"05_QA/rc5_nonproduction/fixture_main/USR/SSV Integrated Project/C1/Shared/A/histo/plc_w_histo.csv","75",".csv","Synthetic Safe Fixture","UNTRACKED","APPROVED"
"05_QA/rc5_nonproduction/fixture_main/USR/SSV Integrated Project/C1/Shared/A/varexp/plc_m_varexp.csv","2583",".csv","Synthetic Safe Fixture","UNTRACKED","APPROVED"
"05_QA/rc5_nonproduction/fixture_main/USR/SSV Integrated Project/C1/Shared/B/histo/G02_histo.csv","75",".csv","Synthetic Safe Fixture","UNTRACKED","APPROVED"
"05_QA/rc5_nonproduction/fixture_main/USR/SSV Integrated Project/C1/Shared/B/varexp/G03_varexp.csv","63",".csv","Synthetic Safe Fixture","UNTRACKED","APPROVED"
"05_QA/rc5_nonproduction/fixture_main/USR/SSV Integrated Project/C1/Shared/C/histo/C11_histo.csv","75",".csv","Synthetic Safe Fixture","UNTRACKED","APPROVED"
"05_QA/rc5_nonproduction/fixture_main/USR/SSV Integrated Project/C1/Shared/C/varexp/BFU_varexp.csv","70000",".csv","Synthetic Safe Fixture","UNTRACKED","APPROVED"
"05_QA/rc5_nonproduction/fixture_main/USR/SSV Integrated Project/C1/Shared/ELEC/histo/E02_histo.csv","75",".csv","Synthetic Safe Fixture","UNTRACKED","APPROVED"
"05_QA/rc5_nonproduction/fixture_main/USR/SSV Integrated Project/C1/Shared/ELEC/varexp/E02_varexp.csv","38",".csv","Synthetic Safe Fixture","UNTRACKED","APPROVED"
"05_QA/rc5_nonproduction/fixture_main/USR/SSV Integrated Project/C1/Shared/varexp_main.csv","2552",".csv","Synthetic Safe Fixture","UNTRACKED","APPROVED"
"05_QA/rc5_nonproduction/fixture_main/USR/SSV Integrated Project/TP/PvTrend_AggregatedStatistics_202506121757.csv","229",".csv","Synthetic Safe Fixture","UNTRACKED","APPROVED"
"05_QA/rc5_nonproduction/fixture_pvbad/DO_NOT_READ.dat","38",".dat","Synthetic Safe Fixture","UNTRACKED","APPROVED"
"05_QA/rc5_nonproduction/fixture_pvbad/DO_NOT_READ.xlsx","39",".xlsx","Synthetic Safe Fixture","UNTRACKED","APPROVED"
"05_QA/rc5_nonproduction/fixture_pvbad/DO_NOT_READ.xml","38",".xml","Synthetic Safe Fixture","UNTRACKED","APPROVED"
"05_QA/rc5_nonproduction/fixture_pvbad/UNAPPROVED_SENTINEL.csv","34",".csv","Synthetic Safe Fixture","UNTRACKED","APPROVED"
"05_QA/rc5_nonproduction/fixture_pvbad/USR/SSV Integrated Project/C1/Server Station/histo_log.csv","75",".csv","Synthetic Safe Fixture","UNTRACKED","APPROVED"
"05_QA/rc5_nonproduction/fixture_pvbad/USR/SSV Integrated Project/C1/Shared/A/histo/plc_w_histo.csv","75",".csv","Synthetic Safe Fixture","UNTRACKED","APPROVED"
"05_QA/rc5_nonproduction/fixture_pvbad/USR/SSV Integrated Project/C1/Shared/A/varexp/plc_m_varexp.csv","2583",".csv","Synthetic Safe Fixture","UNTRACKED","APPROVED"
"05_QA/rc5_nonproduction/fixture_pvbad/USR/SSV Integrated Project/C1/Shared/B/histo/G02_histo.csv","75",".csv","Synthetic Safe Fixture","UNTRACKED","APPROVED"
"05_QA/rc5_nonproduction/fixture_pvbad/USR/SSV Integrated Project/C1/Shared/B/varexp/G03_varexp.csv","63",".csv","Synthetic Safe Fixture","UNTRACKED","APPROVED"
"05_QA/rc5_nonproduction/fixture_pvbad/USR/SSV Integrated Project/C1/Shared/C/histo/C11_histo.csv","75",".csv","Synthetic Safe Fixture","UNTRACKED","APPROVED"
"05_QA/rc5_nonproduction/fixture_pvbad/USR/SSV Integrated Project/C1/Shared/C/varexp/BFU_varexp.csv","70000",".csv","Synthetic Safe Fixture","UNTRACKED","APPROVED"
"05_QA/rc5_nonproduction/fixture_pvbad/USR/SSV Integrated Project/C1/Shared/ELEC/histo/E02_histo.csv","75",".csv","Synthetic Safe Fixture","UNTRACKED","APPROVED"
"05_QA/rc5_nonproduction/fixture_pvbad/USR/SSV Integrated Project/C1/Shared/ELEC/varexp/E02_varexp.csv","38",".csv","Synthetic Safe Fixture","UNTRACKED","APPROVED"
"05_QA/rc5_nonproduction/fixture_pvbad/USR/SSV Integrated Project/C1/Shared/varexp_main.csv","2552",".csv","Synthetic Safe Fixture","UNTRACKED","APPROVED"
"05_QA/rc5_nonproduction/fixture_pvbad/USR/SSV Integrated Project/TP/PvTrend_AggregatedStatistics_202506121757.csv","203",".csv","Synthetic Safe Fixture","UNTRACKED","APPROVED"
"05_QA/repository_inventory_2026-08-14/GIT_VERSION_RELEASE_STANDARD.md","2072",".md","Durable QA","UNTRACKED","APPROVED"
"05_QA/repository_inventory_2026-08-14/GIT_WORKTREE_ANALYSIS.md","2683",".md","Durable QA","UNTRACKED","APPROVED"
"05_QA/repository_inventory_2026-08-14/MIGRATION_PLAN_DRAFT.md","2760",".md","Durable QA","UNTRACKED","APPROVED"
"05_QA/repository_inventory_2026-08-14/PRODUCTION_DATA_GIT_RISK_ASSESSMENT.md","2409",".md","Durable QA","UNTRACKED","APPROVED"
"05_QA/repository_inventory_2026-08-14/PROJECT_REPOSITORY_INVENTORY.md","4080",".md","Durable QA","UNTRACKED","APPROVED"
"05_QA/repository_inventory_2026-08-14/TARGET_PROJECT_FOLDER_STANDARD.md","2093",".md","Durable QA","UNTRACKED","APPROVED"
"05_QA/repository_inventory_2026-08-14/UTILITYAI_REPOSITORY_RELATIONSHIP.md","1629",".md","Durable QA","UNTRACKED","APPROVED"
"05_QA/varexp_limited_pilot_rc1/byteBoundary/ProjectRoot/NO_ACCESS.dat","24",".dat","Synthetic Safe Fixture","UNTRACKED","APPROVED"
"05_QA/varexp_limited_pilot_rc1/byteBoundary/ProjectRoot/NO_ACCESS.xlsx","25",".xlsx","Synthetic Safe Fixture","UNTRACKED","APPROVED"
"05_QA/varexp_limited_pilot_rc1/byteBoundary/ProjectRoot/NO_ACCESS.xml","24",".xml","Synthetic Safe Fixture","UNTRACKED","APPROVED"
"05_QA/varexp_limited_pilot_rc1/byteBoundary/ProjectRoot/UNAPPROVED_VAREXP.csv","29",".csv","Synthetic Safe Fixture","UNTRACKED","APPROVED"
"05_QA/varexp_limited_pilot_rc1/byteBoundary/ProjectRoot/USR/SSV Integrated Project/C1/Shared/A/varexp/plc_m_varexp.csv","11828",".csv","Synthetic Safe Fixture","UNTRACKED","APPROVED"
"05_QA/varexp_limited_pilot_rc1/byteBoundary/ProjectRoot/USR/SSV Integrated Project/C1/Shared/B/varexp/G03_varexp.csv","11775",".csv","Synthetic Safe Fixture","UNTRACKED","APPROVED"
"05_QA/varexp_limited_pilot_rc1/byteBoundary/ProjectRoot/USR/SSV Integrated Project/C1/Shared/C/varexp/BFU_varexp.csv","11775",".csv","Synthetic Safe Fixture","UNTRACKED","APPROVED"
"05_QA/varexp_limited_pilot_rc1/byteBoundary/ProjectRoot/USR/SSV Integrated Project/C1/Shared/ELEC/varexp/E02_varexp.csv","11775",".csv","Synthetic Safe Fixture","UNTRACKED","APPROVED"
"05_QA/varexp_limited_pilot_rc1/byteBoundary/ProjectRoot/USR/SSV Integrated Project/C1/Shared/varexp_main.csv","281732",".csv","Synthetic Safe Fixture","UNTRACKED","APPROVED"
"05_QA/varexp_limited_pilot_rc1/globalBoundary/ProjectRoot/NO_ACCESS.dat","24",".dat","Synthetic Safe Fixture","UNTRACKED","APPROVED"
"05_QA/varexp_limited_pilot_rc1/globalBoundary/ProjectRoot/NO_ACCESS.xlsx","25",".xlsx","Synthetic Safe Fixture","UNTRACKED","APPROVED"
"05_QA/varexp_limited_pilot_rc1/globalBoundary/ProjectRoot/NO_ACCESS.xml","24",".xml","Synthetic Safe Fixture","UNTRACKED","APPROVED"
"05_QA/varexp_limited_pilot_rc1/globalBoundary/ProjectRoot/UNAPPROVED_VAREXP.csv","29",".csv","Synthetic Safe Fixture","UNTRACKED","APPROVED"
"05_QA/varexp_limited_pilot_rc1/globalBoundary/ProjectRoot/USR/SSV Integrated Project/C1/Shared/A/varexp/plc_m_varexp.csv","11828",".csv","Synthetic Safe Fixture","UNTRACKED","APPROVED"
"05_QA/varexp_limited_pilot_rc1/globalBoundary/ProjectRoot/USR/SSV Integrated Project/C1/Shared/B/varexp/G03_varexp.csv","11775",".csv","Synthetic Safe Fixture","UNTRACKED","APPROVED"
"05_QA/varexp_limited_pilot_rc1/globalBoundary/ProjectRoot/USR/SSV Integrated Project/C1/Shared/C/varexp/BFU_varexp.csv","11775",".csv","Synthetic Safe Fixture","UNTRACKED","APPROVED"
"05_QA/varexp_limited_pilot_rc1/globalBoundary/ProjectRoot/USR/SSV Integrated Project/C1/Shared/ELEC/varexp/E02_varexp.csv","11792",".csv","Synthetic Safe Fixture","UNTRACKED","APPROVED"
"05_QA/varexp_limited_pilot_rc1/globalBoundary/ProjectRoot/USR/SSV Integrated Project/C1/Shared/varexp_main.csv","11726",".csv","Synthetic Safe Fixture","UNTRACKED","APPROVED"
"05_QA/varexp_limited_pilot_rc1/malformed/ProjectRoot/NO_ACCESS.dat","24",".dat","Synthetic Safe Fixture","UNTRACKED","APPROVED"
"05_QA/varexp_limited_pilot_rc1/malformed/ProjectRoot/NO_ACCESS.xlsx","25",".xlsx","Synthetic Safe Fixture","UNTRACKED","APPROVED"
"05_QA/varexp_limited_pilot_rc1/malformed/ProjectRoot/NO_ACCESS.xml","24",".xml","Synthetic Safe Fixture","UNTRACKED","APPROVED"
"05_QA/varexp_limited_pilot_rc1/malformed/ProjectRoot/UNAPPROVED_VAREXP.csv","29",".csv","Synthetic Safe Fixture","UNTRACKED","APPROVED"
"05_QA/varexp_limited_pilot_rc1/malformed/ProjectRoot/USR/SSV Integrated Project/C1/Shared/A/varexp/plc_m_varexp.csv","11828",".csv","Synthetic Safe Fixture","UNTRACKED","APPROVED"
"05_QA/varexp_limited_pilot_rc1/malformed/ProjectRoot/USR/SSV Integrated Project/C1/Shared/B/varexp/G03_varexp.csv","11774",".csv","Synthetic Safe Fixture","UNTRACKED","APPROVED"
"05_QA/varexp_limited_pilot_rc1/malformed/ProjectRoot/USR/SSV Integrated Project/C1/Shared/C/varexp/BFU_varexp.csv","11781",".csv","Synthetic Safe Fixture","UNTRACKED","APPROVED"
"05_QA/varexp_limited_pilot_rc1/malformed/ProjectRoot/USR/SSV Integrated Project/C1/Shared/ELEC/varexp/E02_varexp.csv","11775",".csv","Synthetic Safe Fixture","UNTRACKED","APPROVED"
"05_QA/varexp_limited_pilot_rc1/malformed/ProjectRoot/USR/SSV Integrated Project/C1/Shared/varexp_main.csv","11726",".csv","Synthetic Safe Fixture","UNTRACKED","APPROVED"
"05_QA/varexp_limited_pilot_rc1/PilotConfig_GlobalBoundary.psd1","1036",".psd1","Durable QA","UNTRACKED","APPROVED"
"05_QA/varexp_limited_pilot_rc1/positive/ProjectRoot/NO_ACCESS.dat","24",".dat","Synthetic Safe Fixture","UNTRACKED","APPROVED"
"05_QA/varexp_limited_pilot_rc1/positive/ProjectRoot/NO_ACCESS.xlsx","25",".xlsx","Synthetic Safe Fixture","UNTRACKED","APPROVED"
"05_QA/varexp_limited_pilot_rc1/positive/ProjectRoot/NO_ACCESS.xml","24",".xml","Synthetic Safe Fixture","UNTRACKED","APPROVED"
"05_QA/varexp_limited_pilot_rc1/positive/ProjectRoot/UNAPPROVED_VAREXP.csv","29",".csv","Synthetic Safe Fixture","UNTRACKED","APPROVED"
"05_QA/varexp_limited_pilot_rc1/positive/ProjectRoot/USR/SSV Integrated Project/C1/Shared/A/varexp/plc_m_varexp.csv","11828",".csv","Synthetic Safe Fixture","UNTRACKED","APPROVED"
"05_QA/varexp_limited_pilot_rc1/positive/ProjectRoot/USR/SSV Integrated Project/C1/Shared/B/varexp/G03_varexp.csv","11775",".csv","Synthetic Safe Fixture","UNTRACKED","APPROVED"
"05_QA/varexp_limited_pilot_rc1/positive/ProjectRoot/USR/SSV Integrated Project/C1/Shared/C/varexp/BFU_varexp.csv","11775",".csv","Synthetic Safe Fixture","UNTRACKED","APPROVED"
"05_QA/varexp_limited_pilot_rc1/positive/ProjectRoot/USR/SSV Integrated Project/C1/Shared/ELEC/varexp/E02_varexp.csv","11775",".csv","Synthetic Safe Fixture","UNTRACKED","APPROVED"
"05_QA/varexp_limited_pilot_rc1/positive/ProjectRoot/USR/SSV Integrated Project/C1/Shared/varexp_main.csv","11715",".csv","Synthetic Safe Fixture","UNTRACKED","APPROVED"
"07_Release/PCVue_CSV_Header_Sample_Collector_1.0.0-rc5.zip.sha256","115",".sha256","Release Checksum","UNTRACKED","APPROVED"
"07_Release/PCVue_CSV_Header_Sample_Collector_1.0.0-rc5_CHANGE_AND_VALIDATION_REPORT.md","1500",".md","Release Note","UNTRACKED","APPROVED"
"07_Release/PCVue_Offline_Data_Collector_V1_1.0.0-rc6.1_CHANGE_AND_VALIDATION_REPORT.md","2201",".md","Release Note","UNTRACKED","APPROVED"
"07_Release/PCVue_VAREXP_Limited_Tag_Pilot_1.0.0-rc1.zip.sha256","112",".sha256","Release Checksum","UNTRACKED","APPROVED"
"07_Release/PCVue_VAREXP_Limited_Tag_Pilot_1.0.0-rc1_CHANGE_AND_VALIDATION_REPORT.md","1306",".md","Release Note","UNTRACKED","APPROVED"
"07_Release/PCVue_VAREXP_Minimal_Hierarchy_Pilot_1.0.0-rc1.zip.sha256","118",".sha256","Release Checksum","UNTRACKED","APPROVED"
"07_Release/PCVue_VAREXP_Minimal_Hierarchy_Pilot_1.0.0-rc1_CHANGE_AND_VALIDATION_REPORT.md","1272",".md","Release Note","UNTRACKED","APPROVED"
"07_Release/phase3_rc5_design/HISTO_FORMAT_ASSESSMENT.md","2125",".md","Design Gate / Schema Contract","UNTRACKED","APPROVED"
"07_Release/phase3_rc5_design/PVTREND_SCHEMA_RULE.md","1738",".md","Design Gate / Schema Contract","UNTRACKED","APPROVED"
"07_Release/phase3_rc5_design/RC5_READ_BOUNDARY_AND_SECURITY_POLICY.md","3994",".md","Design Gate / Schema Contract","UNTRACKED","APPROVED"
"07_Release/phase3_rc5_design/VAREXP_LIMITED_HEADER_DISCOVERY_DESIGN.md","3098",".md","Design Gate / Schema Contract","UNTRACKED","APPROVED"
"07_Release/phase3_varexp_schema_family_gate/VAREXP_CANONICALIZATION_POLICY.md","2092",".md","Design Gate / Schema Contract","UNTRACKED","APPROVED"
"07_Release/phase3_varexp_schema_family_gate/VAREXP_CONFLICT_POSITION_ANALYSIS.csv","4636",".csv","Design Gate / Schema Contract","UNTRACKED","APPROVED"
"07_Release/phase3_varexp_schema_family_gate/VAREXP_POSITIONAL_SCHEMA_CONTRACT.md","2035",".md","Design Gate / Schema Contract","UNTRACKED","APPROVED"
"07_Release/phase3_varexp_schema_family_gate/VAREXP_SCHEMA_FAMILY_DECISION.md","2175",".md","Design Gate / Schema Contract","UNTRACKED","APPROVED"
"07_Release/phase3_varexp_schema_family_gate/VAREXP_SCHEMA_VARIANT_MATRIX.csv","53496",".csv","Design Gate / Schema Contract","UNTRACKED","APPROVED"
"07_Release/phase3_varexp_schema_gate/PCVUE_VAREXP_FORMAT_EVIDENCE.md","2377",".md","Design Gate / Schema Contract","UNTRACKED","APPROVED"
"07_Release/phase3_varexp_schema_gate/PHASE3_FINAL_DATA_SOURCE_STATUS.md","1252",".md","Design Gate / Schema Contract","UNTRACKED","APPROVED"
"07_Release/phase3_varexp_schema_gate/VAREXP_262_SCHEMA_COMPARISON.csv","25829",".csv","Design Gate / Schema Contract","UNTRACKED","APPROVED"
"07_Release/phase3_varexp_schema_gate/VAREXP_EMPTY_COLUMN_POSITION_ANALYSIS.csv","4585",".csv","Design Gate / Schema Contract","UNTRACKED","APPROVED"
"07_Release/phase3_varexp_schema_gate/VAREXP_SCHEMA_VALIDATION_REPORT.md","2198",".md","Design Gate / Schema Contract","UNTRACKED","APPROVED"
"07_Release/phase4_1_varexp_identity_gate/PHASE4_1_DECISION.md","1454",".md","Design Gate / Schema Contract","UNTRACKED","APPROVED"
"07_Release/phase4_1_varexp_identity_gate/VAREXP_HIERARCHY_MINIMUM_FIELD_PROPOSAL.csv","1158",".csv","Design Gate / Schema Contract","UNTRACKED","APPROVED"
"07_Release/phase4_1_varexp_identity_gate/VAREXP_N1_N7_HIERARCHY_ASSESSMENT.csv","1509",".csv","Design Gate / Schema Contract","UNTRACKED","APPROVED"
"07_Release/phase4_1_varexp_identity_gate/VAREXP_PILOT_RECORD_TYPE_ASSESSMENT.csv","762",".csv","Design Gate / Schema Contract","UNTRACKED","APPROVED"
"07_Release/phase4_1_varexp_identity_gate/VAREXP_SECRET_DETECTION_LAYER_DESIGN.md","1852",".md","Design Gate / Schema Contract","UNTRACKED","APPROVED"
"07_Release/phase4_1_varexp_identity_gate/VAREXP_SENSITIVE_SCHEMA_TRIGGER_ANALYSIS.md","1745",".md","Design Gate / Schema Contract","UNTRACKED","APPROVED"
"07_Release/phase4_1_varexp_identity_gate/VAREXP_TAG_IDENTITY_MODEL.md","1274",".md","Design Gate / Schema Contract","UNTRACKED","APPROVED"
"07_Release/phase4_2_minimal_hierarchy_pilot_design/PHASE4_2_MANUAL_APPROVAL_PACKAGE.md","1400",".md","Design Gate / Schema Contract","UNTRACKED","APPROVED"
"07_Release/phase4_2_minimal_hierarchy_pilot_design/VAREXP_COL003_005_MANUAL_REVIEW.csv","1143",".csv","Design Gate / Schema Contract","UNTRACKED","APPROVED"
"07_Release/phase4_2_minimal_hierarchy_pilot_design/VAREXP_CONTEXT_AWARE_SECRET_DETECTION_DESIGN.md","2098",".md","Design Gate / Schema Contract","UNTRACKED","APPROVED"
"07_Release/phase4_2_minimal_hierarchy_pilot_design/VAREXP_MINIMAL_HIERARCHY_PILOT_DESIGN.md","1733",".md","Design Gate / Schema Contract","UNTRACKED","APPROVED"
"07_Release/phase4_2_minimal_hierarchy_pilot_design/VAREXP_TAG_IDENTITY_VALIDATION_CRITERIA.md","1748",".md","Design Gate / Schema Contract","UNTRACKED","APPROVED"
"07_Release/phase4_varexp_limited_tag_design/VAREXP_DATA_ACQUISITION_COLUMN_CLASSIFICATION.csv","64910",".csv","Design Gate / Schema Contract","UNTRACKED","APPROVED"
"07_Release/phase4_varexp_limited_tag_design/VAREXP_LIMITED_DATA_ACQUISITION_DESIGN.md","3120",".md","Design Gate / Schema Contract","UNTRACKED","APPROVED"
"07_Release/phase4_varexp_limited_tag_design/VAREXP_PILOT_SCOPE.md","1916",".md","Design Gate / Schema Contract","UNTRACKED","APPROVED"
"07_Release/phase4_varexp_limited_tag_design/VAREXP_SENSITIVE_FIELD_EXCLUSION_POLICY.md","2161",".md","Design Gate / Schema Contract","UNTRACKED","APPROVED"
"07_Release/phase4_varexp_limited_tag_design/VAREXP_UTILITY_AI_MINIMUM_FIELD_SET.csv","23276",".csv","Design Gate / Schema Contract","UNTRACKED","APPROVED"
"07_Release/phase4_varexp_manual_approval/PHASE4_MANUAL_APPROVAL_PACKAGE.md","2216",".md","Design Gate / Schema Contract","UNTRACKED","APPROVED"
"07_Release/phase4_varexp_manual_approval/VAREXP_42_FIELD_MANUAL_REVIEW.csv","14180",".csv","Design Gate / Schema Contract","UNTRACKED","APPROVED"
"07_Release/phase4_varexp_manual_approval/VAREXP_PILOT_ACCEPTANCE_CRITERIA.md","2470",".md","Design Gate / Schema Contract","UNTRACKED","APPROVED"
"07_Release/phase4_varexp_manual_approval/VAREXP_PILOT_FINAL_ALLOWLIST.csv","1844",".csv","Design Gate / Schema Contract","UNTRACKED","APPROVED"
"07_Release/phase4_varexp_manual_approval/VAREXP_PILOT_READ_BOUNDARY_DECISION.md","2093",".md","Design Gate / Schema Contract","UNTRACKED","APPROVED"
