ColumnIndex,EmptyInVarexpMain,EmptyInPlcM,EmptyInG03,EmptyInBFU,EmptyInE02,AllFiveEmpty,Classification
15,TRUE,TRUE,TRUE,TRUE,TRUE,TRUE,ReservedCandidate
26,TRUE,TRUE,TRUE,TRUE,TRUE,TRUE,ReservedCandidate
28,TRUE,TRUE,TRUE,TRUE,TRUE,TRUE,ReservedCandidate
30,TRUE,TRUE,TRUE,TRUE,TRUE,TRUE,ReservedCandidate
31,TRUE,TRUE,TRUE,TRUE,TRUE,TRUE,ReservedCandidate
32,TRUE,TRUE,TRUE,TRUE,TRUE,TRUE,ReservedCandidate
33,TRUE,TRUE,TRUE,TRUE,TRUE,TRUE,ReservedCandidate
36,TRUE,TRUE,TRUE,TRUE,TRUE,TRUE,ReservedCandidate
45,TRUE,TRUE,TRUE,TRUE,TRUE,TRUE,ReservedCandidate
49,TRUE,TRUE,TRUE,TRUE,TRUE,TRUE,ReservedCandidate
55,TRUE,TRUE,TRUE,TRUE,TRUE,TRUE,ReservedCandidate
62,TRUE,TRUE,TRUE,TRUE,TRUE,TRUE,ReservedCandidate
63,TRUE,TRUE,TRUE,TRUE,TRUE,TRUE,ReservedCandidate
64,TRUE,TRUE,TRUE,TRUE,TRUE,TRUE,ReservedCandidate
65,TRUE,TRUE,TRUE,TRUE,TRUE,TRUE,ReservedCandidate
81,TRUE,TRUE,TRUE,TRUE,TRUE,TRUE,ReservedCandidate
82,TRUE,TRUE,TRUE,TRUE,TRUE,TRUE,ReservedCandidate
83,TRUE,TRUE,TRUE,TRUE,TRUE,TRUE,ReservedCandidate
84,TRUE,TRUE,TRUE,TRUE,TRUE,TRUE,ReservedCandidate
85,TRUE,TRUE,TRUE,TRUE,TRUE,TRUE,ReservedCandidate
92,TRUE,TRUE,TRUE,TRUE,TRUE,TRUE,ReservedCandidate
93,TRUE,TRUE,TRUE,TRUE,TRUE,TRUE,ReservedCandidate
94,TRUE,TRUE,TRUE,TRUE,TRUE,TRUE,ReservedCandidate
95,TRUE,TRUE,TRUE,TRUE,TRUE,TRUE,ReservedCandidate
102,TRUE,TRUE,TRUE,TRUE,TRUE,TRUE,ReservedCandidate
103,TRUE,TRUE,TRUE,TRUE,TRUE,TRUE,ReservedCandidate
104,TRUE,TRUE,TRUE,TRUE,TRUE,TRUE,ReservedCandidate
105,TRUE,TRUE,TRUE,TRUE,TRUE,TRUE,ReservedCandidate
107,TRUE,TRUE,TRUE,TRUE,TRUE,TRUE,ReservedCandidate
109,TRUE,TRUE,TRUE,TRUE,TRUE,TRUE,ReservedCandidate
110,TRUE,TRUE,TRUE,TRUE,TRUE,TRUE,ReservedCandidate
111,TRUE,TRUE,TRUE,TRUE,TRUE,TRUE,ReservedCandidate
112,TRUE,TRUE,TRUE,TRUE,TRUE,TRUE,ReservedCandidate
113,TRUE,TRUE,TRUE,TRUE,TRUE,TRUE,ReservedCandidate
114,TRUE,TRUE,TRUE,TRUE,TRUE,TRUE,ReservedCandidate
115,TRUE,TRUE,TRUE,TRUE,TRUE,TRUE,ReservedCandidate
122,TRUE,TRUE,TRUE,TRUE,TRUE,TRUE,ReservedCandidate
123,TRUE,TRUE,TRUE,TRUE,TRUE,TRUE,ReservedCandidate
124,TRUE,TRUE,TRUE,TRUE,TRUE,TRUE,ReservedCandidate
125,TRUE,TRUE,TRUE,TRUE,TRUE,TRUE,ReservedCandidate
128,TRUE,TRUE,TRUE,TRUE,TRUE,TRUE,ReservedCandidate
129,TRUE,TRUE,TRUE,TRUE,TRUE,TRUE,ReservedCandidate
134,TRUE,TRUE,TRUE,TRUE,TRUE,TRUE,ReservedCandidate
135,TRUE,TRUE,TRUE,TRUE,TRUE,TRUE,ReservedCandidate
158,TRUE,TRUE,TRUE,TRUE,TRUE,TRUE,ReservedCandidate
159,TRUE,TRUE,TRUE,TRUE,TRUE,TRUE,ReservedCandidate
160,TRUE,TRUE,TRUE,TRUE,TRUE,TRUE,ReservedCandidate
161,TRUE,TRUE,TRUE,TRUE,TRUE,TRUE,ReservedCandidate
167,TRUE,TRUE,TRUE,TRUE,TRUE,TRUE,ReservedCandidate
168,TRUE,TRUE,TRUE,TRUE,TRUE,TRUE,ReservedCandidate
179,TRUE,TRUE,TRUE,TRUE,TRUE,TRUE,ReservedCandidate
202,TRUE,TRUE,TRUE,TRUE,TRUE,TRUE,ReservedCandidate
207,TRUE,TRUE,TRUE,TRUE,TRUE,TRUE,ReservedCandidate
208,TRUE,TRUE,TRUE,TRUE,TRUE,TRUE,ReservedCandidate
209,TRUE,TRUE,TRUE,TRUE,TRUE,TRUE,ReservedCandidate
213,TRUE,TRUE,TRUE,TRUE,TRUE,TRUE,ReservedCandidate
214,TRUE,TRUE,TRUE,TRUE,TRUE,TRUE,ReservedCandidate
215,TRUE,TRUE,TRUE,TRUE,TRUE,TRUE,ReservedCandidate
216,TRUE,TRUE,TRUE,TRUE,TRUE,TRUE,ReservedCandidate
217,TRUE,TRUE,TRUE,TRUE,TRUE,TRUE,ReservedCandidate
218,TRUE,TRUE,TRUE,TRUE,TRUE,TRUE,ReservedCandidate
219,TRUE,TRUE,TRUE,TRUE,TRUE,TRUE,ReservedCandidate
220,TRUE,TRUE,TRUE,TRUE,TRUE,TRUE,ReservedCandidate
221,TRUE,TRUE,TRUE,TRUE,TRUE,TRUE,ReservedCandidate
222,TRUE,TRUE,TRUE,TRUE,TRUE,TRUE,ReservedCandidate
223,TRUE,TRUE,TRUE,TRUE,TRUE,TRUE,ReservedCandidate
226,TRUE,TRUE,TRUE,TRUE,TRUE,TRUE,ReservedCandidate
227,TRUE,TRUE,TRUE,TRUE,TRUE,TRUE,ReservedCandidate
228,TRUE,TRUE,TRUE,TRUE,TRUE,TRUE,ReservedCandidate
229,TRUE,TRUE,TRUE,TRUE,TRUE,TRUE,ReservedCandidate
230,TRUE,TRUE,TRUE,TRUE,TRUE,TRUE,ReservedCandidate
231,TRUE,TRUE,TRUE,TRUE,TRUE,TRUE,ReservedCandidate
232,TRUE,TRUE,TRUE,TRUE,TRUE,TRUE,ReservedCandidate
233,TRUE,TRUE,TRUE,TRUE,TRUE,TRUE,ReservedCandidate
234,TRUE,TRUE,TRUE,TRUE,TRUE,TRUE,ReservedCandidate
235,TRUE,TRUE,TRUE,TRUE,TRUE,TRUE,ReservedCandidate
247,TRUE,TRUE,TRUE,TRUE,TRUE,TRUE,ReservedCandidate
248,TRUE,TRUE,TRUE,TRUE,TRUE,TRUE,ReservedCandidate
249,TRUE,TRUE,TRUE,TRUE,TRUE,TRUE,ReservedCandidate
250,TRUE,TRUE,TRUE,TRUE,TRUE,TRUE,ReservedCandidate
251,TRUE,TRUE,TRUE,TRUE,TRUE,TRUE,ReservedCandidate
253,TRUE,TRUE,TRUE,TRUE,TRUE,TRUE,ReservedCandidate
254,TRUE,TRUE,TRUE,TRUE,TRUE,TRUE,ReservedCandidate
255,TRUE,TRUE,TRUE,TRUE,TRUE,TRUE,ReservedCandidate
256,TRUE,TRUE,TRUE,TRUE,TRUE,TRUE,ReservedCandidate
